Sheet,Metric,Architecture 1,Architecture 2,MW_U_Stat,MW_p_val,KS_D_Stat,KS_p_val,MW_Sig (p<0.05),KS_Sig (p<0.05)
14,Obj. Error (%),PINN Baseline,DC3,25000000,0,1,0,TRUE,TRUE
14,Obj. Error (%),PINN Baseline,FSNet,18672494,0,0.5854,0,TRUE,TRUE
14,Obj. Error (%),PINN Baseline,KKT,14064075,0,0.4,0,TRUE,TRUE
14,Obj. Error (%),PINN Baseline,Rahul's Model,12084201.5,0.004,0.4,0,TRUE,TRUE
14,Obj. Error (%),DC3,FSNet,0,0,1,0,TRUE,TRUE
14,Obj. Error (%),DC3,KKT,0,0,1,0,TRUE,TRUE
14,Obj. Error (%),DC3,Rahul's Model,0,0,1,0,TRUE,TRUE
14,Obj. Error (%),FSNet,KKT,1066176,0,0.7708,0,TRUE,TRUE
14,Obj. Error (%),FSNet,Rahul's Model,173561,0,0.921,0,TRUE,TRUE
14,Obj. Error (%),KKT,Rahul's Model,5925615.5,0,0.3888,0,TRUE,TRUE
14,Max_Eq,PINN Baseline,DC3,15000000,0,0.6,0,TRUE,TRUE
14,Max_Eq,PINN Baseline,FSNet,995631,0,0.8002,0,TRUE,TRUE
14,Max_Eq,PINN Baseline,KKT,2083704,0,0.6944,0,TRUE,TRUE
14,Max_Eq,PINN Baseline,Rahul's Model,20000000,0,0.8,0,TRUE,TRUE
14,Max_Eq,DC3,FSNet,0,0,1,0,TRUE,TRUE
14,Max_Eq,DC3,KKT,0,0,1,0,TRUE,TRUE
14,Max_Eq,DC3,Rahul's Model,25000000,0,1,0,TRUE,TRUE
14,Max_Eq,FSNet,KKT,21323383,0,0.8,0,TRUE,TRUE
14,Max_Eq,FSNet,Rahul's Model,25000000,0,1,0,TRUE,TRUE
14,Max_Eq,KKT,Rahul's Model,25000000,0,1,0,TRUE,TRUE
14,Mean_Eq,PINN Baseline,DC3,12493641,0.9649,0.2,0,FALSE,TRUE
14,Mean_Eq,PINN Baseline,FSNet,0,0,1,0,TRUE,TRUE
14,Mean_Eq,PINN Baseline,KKT,0,0,1,0,TRUE,TRUE
14,Mean_Eq,PINN Baseline,Rahul's Model,20000000,0,0.8,0,TRUE,TRUE
14,Mean_Eq,DC3,FSNet,0,0,1,0,TRUE,TRUE
14,Mean_Eq,DC3,KKT,0,0,1,0,TRUE,TRUE
14,Mean_Eq,DC3,Rahul's Model,25000000,0,1,0,TRUE,TRUE
14,Mean_Eq,FSNet,KKT,24000000,0,0.8,0,TRUE,TRUE
14,Mean_Eq,FSNet,Rahul's Model,25000000,0,1,0,TRUE,TRUE
14,Mean_Eq,KKT,Rahul's Model,25000000,0,1,0,TRUE,TRUE
14,Max_Ineq,PINN Baseline,DC3,23536852.5,0,0.7998,0,TRUE,TRUE
14,Max_Ineq,PINN Baseline,FSNet,0,0,1,0,TRUE,TRUE
14,Max_Ineq,PINN Baseline,KKT,25000000,0,1,0,TRUE,TRUE
14,Max_Ineq,PINN Baseline,Rahul's Model,25000000,0,1,0,TRUE,TRUE
14,Max_Ineq,DC3,FSNet,0,0,1,0,TRUE,TRUE
14,Max_Ineq,DC3,KKT,24955000,0,0.9964,0,TRUE,TRUE
14,Max_Ineq,DC3,Rahul's Model,11839498,0,0.4364,0,TRUE,TRUE
14,Max_Ineq,FSNet,KKT,25000000,0,1,0,TRUE,TRUE
14,Max_Ineq,FSNet,Rahul's Model,25000000,0,1,0,TRUE,TRUE
14,Max_Ineq,KKT,Rahul's Model,0,0,1,0,TRUE,TRUE
14,Mean_Ineq,PINN Baseline,DC3,22969145,0,0.7954,0,TRUE,TRUE
14,Mean_Ineq,PINN Baseline,FSNet,0,0,1,0,TRUE,TRUE
14,Mean_Ineq,PINN Baseline,KKT,25000000,0,1,0,TRUE,TRUE
14,Mean_Ineq,PINN Baseline,Rahul's Model,24989454,0,0.9828,0,TRUE,TRUE
14,Mean_Ineq,DC3,FSNet,0,0,1,0,TRUE,TRUE
14,Mean_Ineq,DC3,KKT,24955000,0,0.9964,0,TRUE,TRUE
14,Mean_Ineq,DC3,Rahul's Model,11892874,0,0.4058,0,TRUE,TRUE
14,Mean_Ineq,FSNet,KKT,25000000,0,1,0,TRUE,TRUE
14,Mean_Ineq,FSNet,Rahul's Model,25000000,0,1,0,TRUE,TRUE
14,Mean_Ineq,KKT,Rahul's Model,0,0,1,0,TRUE,TRUE
14,MAE_v,PINN Baseline,DC3,21993956.5,0,0.8,0,TRUE,TRUE
14,MAE_v,PINN Baseline,FSNet,15000000,0,0.6,0,TRUE,TRUE
14,MAE_v,PINN Baseline,KKT,23258673,0,0.8,0,TRUE,TRUE
14,MAE_v,PINN Baseline,Rahul's Model,25000000,0,1,0,TRUE,TRUE
14,MAE_v,DC3,FSNet,5000000,0,0.8,0,TRUE,TRUE
14,MAE_v,DC3,KKT,20923172,0,0.7482,0,TRUE,TRUE
14,MAE_v,DC3,Rahul's Model,24984729.5,0,0.9802,0,TRUE,TRUE
14,MAE_v,FSNet,KKT,25000000,0,1,0,TRUE,TRUE
14,MAE_v,FSNet,Rahul's Model,25000000,0,1,0,TRUE,TRUE
14,MAE_v,KKT,Rahul's Model,18951263,0,0.3842,0,TRUE,TRUE
14,MAE_pg,PINN Baseline,DC3,19975995,0,0.7698,0,TRUE,TRUE
14,MAE_pg,PINN Baseline,FSNet,20030698,0,0.6,0,TRUE,TRUE
14,MAE_pg,PINN Baseline,KKT,20876634,0,0.8,0,TRUE,TRUE
14,MAE_pg,PINN Baseline,Rahul's Model,4552573.5,0,0.6022,0,TRUE,TRUE
14,MAE_pg,DC3,FSNet,20000011,0,0.8,0,TRUE,TRUE
14,MAE_pg,DC3,KKT,25000000,0,1,0,TRUE,TRUE
14,MAE_pg,DC3,Rahul's Model,0,0,1,0,TRUE,TRUE
14,MAE_pg,FSNet,KKT,8982282.5,0,0.3148,0,TRUE,TRUE
14,MAE_pg,FSNet,Rahul's Model,0,0,1,0,TRUE,TRUE
14,MAE_pg,KKT,Rahul's Model,0,0,1,0,TRUE,TRUE
14,MAE_qg,PINN Baseline,DC3,234407.5,0,0.903,0,TRUE,TRUE
14,MAE_qg,PINN Baseline,FSNet,19951552,0,0.759,0,TRUE,TRUE
14,MAE_qg,PINN Baseline,KKT,16934725.5,0,0.3552,0,TRUE,TRUE
14,MAE_qg,PINN Baseline,Rahul's Model,22804000,0,0.709,0,TRUE,TRUE
14,MAE_qg,DC3,FSNet,20639738,0,0.8,0,TRUE,TRUE
14,MAE_qg,DC3,KKT,24986717,0,0.9782,0,TRUE,TRUE
14,MAE_qg,DC3,Rahul's Model,25000000,0,1,0,TRUE,TRUE
14,MAE_qg,FSNet,KKT,5102875,0,0.7482,0,TRUE,TRUE
14,MAE_qg,FSNet,Rahul's Model,7158896,0,0.4742,0,TRUE,TRUE
14,MAE_qg,KKT,Rahul's Model,22515959,0,0.6454,0,TRUE,TRUE
14,Time_s,PINN Baseline,DC3,7000000,0,0.6,0,TRUE,TRUE
14,Time_s,PINN Baseline,FSNet,13000000,0.0005,0.2,0,TRUE,TRUE
14,Time_s,PINN Baseline,KKT,5000000,0,0.8,0,TRUE,TRUE
14,Time_s,PINN Baseline,Rahul's Model,6000000,0,0.6,0,TRUE,TRUE
14,Time_s,DC3,FSNet,21000000,0,0.8,0,TRUE,TRUE
14,Time_s,DC3,KKT,5000000,0,0.8,0,TRUE,TRUE
14,Time_s,DC3,Rahul's Model,7000000,0,0.6,0,TRUE,TRUE
14,Time_s,FSNet,KKT,5000000,0,0.8,0,TRUE,TRUE
14,Time_s,FSNet,Rahul's Model,5000000,0,0.8,0,TRUE,TRUE
14,Time_s,KKT,Rahul's Model,16000000,0,0.4,0,TRUE,TRUE
57,Obj. Error (%),PINN Baseline,DC3,13693460,0,0.0802,0,TRUE,TRUE
57,Obj. Error (%),PINN Baseline,FSNet,18226983,0,0.3448,0,TRUE,TRUE
57,Obj. Error (%),PINN Baseline,KKT,5293229,0,0.4288,0,TRUE,TRUE
57,Obj. Error (%),PINN Baseline,Rahul's Model,0,0,1,0,TRUE,TRUE
57,Obj. Error (%),DC3,FSNet,17186720.5,0,0.2842,0,TRUE,TRUE
57,Obj. Error (%),DC3,KKT,4496318.5,0,0.481,0,TRUE,TRUE
57,Obj. Error (%),DC3,Rahul's Model,0,0,1,0,TRUE,TRUE
57,Obj. Error (%),FSNet,KKT,1990029,0,0.6864,0,TRUE,TRUE
57,Obj. Error (%),FSNet,Rahul's Model,0,0,1,0,TRUE,TRUE
57,Obj. Error (%),KKT,Rahul's Model,0,0,1,0,TRUE,TRUE
57,Max_Eq,PINN Baseline,DC3,0,0,1,0,TRUE,TRUE
57,Max_Eq,PINN Baseline,FSNet,0,0,1,0,TRUE,TRUE
57,Max_Eq,PINN Baseline,KKT,24999995,0,0.9998,0,TRUE,TRUE
57,Max_Eq,PINN Baseline,Rahul's Model,0,0,1,0,TRUE,TRUE
57,Max_Eq,DC3,FSNet,88742,0,0.9456,0,TRUE,TRUE
57,Max_Eq,DC3,KKT,25000000,0,1,0,TRUE,TRUE
57,Max_Eq,DC3,Rahul's Model,25000000,0,1,0,TRUE,TRUE
57,Max_Eq,FSNet,KKT,25000000,0,1,0,TRUE,TRUE
57,Max_Eq,FSNet,Rahul's Model,25000000,0,1,0,TRUE,TRUE
57,Max_Eq,KKT,Rahul's Model,0,0,1,0,TRUE,TRUE
57,Mean_Eq,PINN Baseline,DC3,0,0,1,0,TRUE,TRUE
57,Mean_Eq,PINN Baseline,FSNet,0,0,1,0,TRUE,TRUE
57,Mean_Eq,PINN Baseline,KKT,24993706,0,0.9972,0,TRUE,TRUE
57,Mean_Eq,PINN Baseline,Rahul's Model,0,0,1,0,TRUE,TRUE
57,Mean_Eq,DC3,FSNet,23665423.5,0,0.748,0,TRUE,TRUE
57,Mean_Eq,DC3,KKT,25000000,0,1,0,TRUE,TRUE
57,Mean_Eq,DC3,Rahul's Model,25000000,0,1,0,TRUE,TRUE
57,Mean_Eq,FSNet,KKT,25000000,0,1,0,TRUE,TRUE
57,Mean_Eq,FSNet,Rahul's Model,25000000,0,1,0,TRUE,TRUE
57,Mean_Eq,KKT,Rahul's Model,0,0,1,0,TRUE,TRUE
57,Max_Ineq,PINN Baseline,DC3,0,0,1,0,TRUE,TRUE
57,Max_Ineq,PINN Baseline,FSNet,0,0,1,0,TRUE,TRUE
57,Max_Ineq,PINN Baseline,KKT,25000000,0,1,0,TRUE,TRUE
57,Max_Ineq,PINN Baseline,Rahul's Model,25000000,0,1,0,TRUE,TRUE
57,Max_Ineq,DC3,FSNet,5752170.5,0,0.431,0,TRUE,TRUE
57,Max_Ineq,DC3,KKT,25000000,0,1,0,TRUE,TRUE
57,Max_Ineq,DC3,Rahul's Model,25000000,0,1,0,TRUE,TRUE
57,Max_Ineq,FSNet,KKT,25000000,0,1,0,TRUE,TRUE
57,Max_Ineq,FSNet,Rahul's Model,25000000,0,1,0,TRUE,TRUE
57,Max_Ineq,KKT,Rahul's Model,9999998,0,0.5998,0,TRUE,TRUE
57,Mean_Ineq,PINN Baseline,DC3,0,0,1,0,TRUE,TRUE
57,Mean_Ineq,PINN Baseline,FSNet,0,0,1,0,TRUE,TRUE
57,Mean_Ineq,PINN Baseline,KKT,25000000,0,1,0,TRUE,TRUE
57,Mean_Ineq,PINN Baseline,Rahul's Model,25000000,0,1,0,TRUE,TRUE
57,Mean_Ineq,DC3,FSNet,104084.5,0,0.944,0,TRUE,TRUE
57,Mean_Ineq,DC3,KKT,25000000,0,1,0,TRUE,TRUE
57,Mean_Ineq,DC3,Rahul's Model,25000000,0,1,0,TRUE,TRUE
57,Mean_Ineq,FSNet,KKT,25000000,0,1,0,TRUE,TRUE
57,Mean_Ineq,FSNet,Rahul's Model,25000000,0,1,0,TRUE,TRUE
57,Mean_Ineq,KKT,Rahul's Model,10012202,0,0.5934,0,TRUE,TRUE
57,MAE_v,PINN Baseline,DC3,15000000,0,0.6,0,TRUE,TRUE
57,MAE_v,PINN Baseline,FSNet,15000000,0,0.6,0,TRUE,TRUE
57,MAE_v,PINN Baseline,KKT,25000000,0,1,0,TRUE,TRUE
57,MAE_v,PINN Baseline,Rahul's Model,25000000,0,1,0,TRUE,TRUE
57,MAE_v,DC3,FSNet,25000000,0,1,0,TRUE,TRUE
57,MAE_v,DC3,KKT,25000000,0,1,0,TRUE,TRUE
57,MAE_v,DC3,Rahul's Model,25000000,0,1,0,TRUE,TRUE
57,MAE_v,FSNet,KKT,25000000,0,1,0,TRUE,TRUE
57,MAE_v,FSNet,Rahul's Model,25000000,0,1,0,TRUE,TRUE
57,MAE_v,KKT,Rahul's Model,14996245,0,0.5608,0,TRUE,TRUE
57,MAE_pg,PINN Baseline,DC3,24999908,0,0.998,0,TRUE,TRUE
57,MAE_pg,PINN Baseline,FSNet,24999486,0,0.9958,0,TRUE,TRUE
57,MAE_pg,PINN Baseline,KKT,24999039,0,0.9952,0,TRUE,TRUE
57,MAE_pg,PINN Baseline,Rahul's Model,0,0,1,0,TRUE,TRUE
57,MAE_pg,DC3,FSNet,8262218.5,0,0.2556,0,TRUE,TRUE
57,MAE_pg,DC3,KKT,8740675,0,0.2518,0,TRUE,TRUE
57,MAE_pg,DC3,Rahul's Model,0,0,1,0,TRUE,TRUE
57,MAE_pg,FSNet,KKT,12469208.5,0.8311,0.079,0,FALSE,TRUE
57,MAE_pg,FSNet,Rahul's Model,0,0,1,0,TRUE,TRUE
57,MAE_pg,KKT,Rahul's Model,0,0,1,0,TRUE,TRUE
57,MAE_qg,PINN Baseline,DC3,23057664,0,0.6896,0,TRUE,TRUE
57,MAE_qg,PINN Baseline,FSNet,13569056.5,0,0.065,0,TRUE,TRUE
57,MAE_qg,PINN Baseline,KKT,8107154,0,0.2708,0,TRUE,TRUE
57,MAE_qg,PINN Baseline,Rahul's Model,21835900.5,0,0.596,0,TRUE,TRUE
57,MAE_qg,DC3,FSNet,2344548.5,0,0.6536,0,TRUE,TRUE
57,MAE_qg,DC3,KKT,820592.5,0,0.808,0,TRUE,TRUE
57,MAE_qg,DC3,Rahul's Model,13389210,0,0.1586,0,TRUE,TRUE
57,MAE_qg,FSNet,KKT,7169781,0,0.3274,0,TRUE,TRUE
57,MAE_qg,FSNet,Rahul's Model,21386242.5,0,0.5704,0,TRUE,TRUE
57,MAE_qg,KKT,Rahul's Model,23338012.5,0,0.7122,0,TRUE,TRUE
57,Time_s,PINN Baseline,DC3,17000000,0,0.6,0,TRUE,TRUE
57,Time_s,PINN Baseline,FSNet,16000000,0,0.4,0,TRUE,TRUE
57,Time_s,PINN Baseline,KKT,5000000,0,0.8,0,TRUE,TRUE
57,Time_s,PINN Baseline,Rahul's Model,5000000,0,0.8,0,TRUE,TRUE
57,Time_s,DC3,FSNet,10000000,0,0.4,0,TRUE,TRUE
57,Time_s,DC3,KKT,3000000,0,0.8,0,TRUE,TRUE
57,Time_s,DC3,Rahul's Model,3000000,0,0.8,0,TRUE,TRUE
57,Time_s,FSNet,KKT,0,0,1,0,TRUE,TRUE
57,Time_s,FSNet,Rahul's Model,0,0,1,0,TRUE,TRUE
57,Time_s,KKT,Rahul's Model,10000000,0,0.4,0,TRUE,TRUE
162,Obj. Error (%),PINN Baseline,DC3,9129,0,0.9836,0,TRUE,TRUE
162,Obj. Error (%),PINN Baseline,FSNet,803668,0,0.8006,0,TRUE,TRUE
162,Obj. Error (%),PINN Baseline,KKT,734330,0,0.8214,0,TRUE,TRUE
162,Obj. Error (%),PINN Baseline,Rahul's Model,0,0,1,0,TRUE,TRUE
162,Obj. Error (%),DC3,FSNet,23207516,0,0.6834,0,TRUE,TRUE
162,Obj. Error (%),DC3,KKT,23861916,0,0.7782,0,TRUE,TRUE
162,Obj. Error (%),DC3,Rahul's Model,0,0,1,0,TRUE,TRUE
162,Obj. Error (%),FSNet,KKT,12716809,0.1331,0.1202,0,FALSE,TRUE
162,Obj. Error (%),FSNet,Rahul's Model,0,0,1,0,TRUE,TRUE
162,Obj. Error (%),KKT,Rahul's Model,0,0,1,0,TRUE,TRUE
162,Max_Eq,PINN Baseline,DC3,0,0,1,0,TRUE,TRUE
162,Max_Eq,PINN Baseline,FSNet,0,0,1,0,TRUE,TRUE
162,Max_Eq,PINN Baseline,KKT,21305519.5,0,0.5496,0,TRUE,TRUE
162,Max_Eq,PINN Baseline,Rahul's Model,3451012,0,0.6646,0,TRUE,TRUE
162,Max_Eq,DC3,FSNet,22227047.5,0,0.637,0,TRUE,TRUE
162,Max_Eq,DC3,KKT,25000000,0,1,0,TRUE,TRUE
162,Max_Eq,DC3,Rahul's Model,25000000,0,1,0,TRUE,TRUE
162,Max_Eq,FSNet,KKT,25000000,0,1,0,TRUE,TRUE
162,Max_Eq,FSNet,Rahul's Model,25000000,0,1,0,TRUE,TRUE
162,Max_Eq,KKT,Rahul's Model,29826,0,0.9884,0,TRUE,TRUE
162,Mean_Eq,PINN Baseline,DC3,0,0,1,0,TRUE,TRUE
162,Mean_Eq,PINN Baseline,FSNet,0,0,1,0,TRUE,TRUE
162,Mean_Eq,PINN Baseline,KKT,25000000,0,1,0,TRUE,TRUE
162,Mean_Eq,PINN Baseline,Rahul's Model,25000000,0,1,0,TRUE,TRUE
162,Mean_Eq,DC3,FSNet,19113075.5,0,0.432,0,TRUE,TRUE
162,Mean_Eq,DC3,KKT,25000000,0,1,0,TRUE,TRUE
162,Mean_Eq,DC3,Rahul's Model,25000000,0,1,0,TRUE,TRUE
162,Mean_Eq,FSNet,KKT,25000000,0,1,0,TRUE,TRUE
162,Mean_Eq,FSNet,Rahul's Model,25000000,0,1,0,TRUE,TRUE
162,Mean_Eq,KKT,Rahul's Model,23937177.5,0,0.813,0,TRUE,TRUE
162,Max_Ineq,PINN Baseline,DC3,0,0,1,0,TRUE,TRUE
162,Max_Ineq,PINN Baseline,FSNet,0,0,1,0,TRUE,TRUE
162,Max_Ineq,PINN Baseline,KKT,25000000,0,1,0,TRUE,TRUE
162,Max_Ineq,PINN Baseline,Rahul's Model,25000000,0,1,0,TRUE,TRUE
162,Max_Ineq,DC3,FSNet,22837958.5,0,0.6744,0,TRUE,TRUE
162,Max_Ineq,DC3,KKT,25000000,0,1,0,TRUE,TRUE
162,Max_Ineq,DC3,Rahul's Model,25000000,0,1,0,TRUE,TRUE
162,Max_Ineq,FSNet,KKT,25000000,0,1,0,TRUE,TRUE
162,Max_Ineq,FSNet,Rahul's Model,25000000,0,1,0,TRUE,TRUE
162,Max_Ineq,KKT,Rahul's Model,24202279,0,0.8552,0,TRUE,TRUE
162,Mean_Ineq,PINN Baseline,DC3,0,0,1,0,TRUE,TRUE
162,Mean_Ineq,PINN Baseline,FSNet,0,0,1,0,TRUE,TRUE
162,Mean_Ineq,PINN Baseline,KKT,25000000,0,1,0,TRUE,TRUE
162,Mean_Ineq,PINN Baseline,Rahul's Model,25000000,0,1,0,TRUE,TRUE
162,Mean_Ineq,DC3,FSNet,25000000,0,1,0,TRUE,TRUE
162,Mean_Ineq,DC3,KKT,25000000,0,1,0,TRUE,TRUE
162,Mean_Ineq,DC3,Rahul's Model,25000000,0,1,0,TRUE,TRUE
162,Mean_Ineq,FSNet,KKT,25000000,0,1,0,TRUE,TRUE
162,Mean_Ineq,FSNet,Rahul's Model,25000000,0,1,0,TRUE,TRUE
162,Mean_Ineq,KKT,Rahul's Model,24128328.5,0,0.8374,0,TRUE,TRUE
162,MAE_v,PINN Baseline,DC3,15000000,0,0.6,0,TRUE,TRUE
162,MAE_v,PINN Baseline,FSNet,15000000,0,0.6,0,TRUE,TRUE
162,MAE_v,PINN Baseline,KKT,25000000,0,1,0,TRUE,TRUE
162,MAE_v,PINN Baseline,Rahul's Model,25000000,0,1,0,TRUE,TRUE
162,MAE_v,DC3,FSNet,17989574,0,0.3616,0,TRUE,TRUE
162,MAE_v,DC3,KKT,25000000,0,1,0,TRUE,TRUE
162,MAE_v,DC3,Rahul's Model,25000000,0,1,0,TRUE,TRUE
162,MAE_v,FSNet,KKT,25000000,0,1,0,TRUE,TRUE
162,MAE_v,FSNet,Rahul's Model,25000000,0,1,0,TRUE,TRUE
162,MAE_v,KKT,Rahul's Model,25000000,0,1,0,TRUE,TRUE
162,MAE_pg,PINN Baseline,DC3,25000000,0,1,0,TRUE,TRUE
162,MAE_pg,PINN Baseline,FSNet,24999920,0,0.9992,0,TRUE,TRUE
162,MAE_pg,PINN Baseline,KKT,24999652,0,0.9974,0,TRUE,TRUE
162,MAE_pg,PINN Baseline,Rahul's Model,25000000,0,1,0,TRUE,TRUE
162,MAE_pg,DC3,FSNet,1962865,0,0.668,0,TRUE,TRUE
162,MAE_pg,DC3,KKT,1306670,0,0.7646,0,TRUE,TRUE
162,MAE_pg,DC3,Rahul's Model,25000000,0,1,0,TRUE,TRUE
162,MAE_pg,FSNet,KKT,12453159,0.7456,0.1206,0,FALSE,TRUE
162,MAE_pg,FSNet,Rahul's Model,25000000,0,1,0,TRUE,TRUE
162,MAE_pg,KKT,Rahul's Model,25000000,0,1,0,TRUE,TRUE
162,MAE_qg,PINN Baseline,DC3,25000000,0,1,0,TRUE,TRUE
162,MAE_qg,PINN Baseline,FSNet,25000000,0,1,0,TRUE,TRUE
162,MAE_qg,PINN Baseline,KKT,25000000,0,1,0,TRUE,TRUE
162,MAE_qg,PINN Baseline,Rahul's Model,25000000,0,1,0,TRUE,TRUE
162,MAE_qg,DC3,FSNet,2415808.5,0,0.6532,0,TRUE,TRUE
162,MAE_qg,DC3,KKT,1616,0,0.9982,0,TRUE,TRUE
162,MAE_qg,DC3,Rahul's Model,5359522,0,0.5318,0,TRUE,TRUE
162,MAE_qg,FSNet,KKT,121449,0,0.9536,0,TRUE,TRUE
162,MAE_qg,FSNet,Rahul's Model,15880697,0,0.3876,0,TRUE,TRUE
162,MAE_qg,KKT,Rahul's Model,25000000,0,1,0,TRUE,TRUE
162,Time_s,PINN Baseline,DC3,23000000,0,0.8,0,TRUE,TRUE
162,Time_s,PINN Baseline,FSNet,24000000,0,0.8,0,TRUE,TRUE
162,Time_s,PINN Baseline,KKT,0,0,1,0,TRUE,TRUE
162,Time_s,PINN Baseline,Rahul's Model,0,0,1,0,TRUE,TRUE
162,Time_s,DC3,FSNet,14000000,0,0.4,0,TRUE,TRUE
162,Time_s,DC3,KKT,0,0,1,0,TRUE,TRUE
162,Time_s,DC3,Rahul's Model,0,0,1,0,TRUE,TRUE
162,Time_s,FSNet,KKT,0,0,1,0,TRUE,TRUE
162,Time_s,FSNet,Rahul's Model,0,0,1,0,TRUE,TRUE
162,Time_s,KKT,Rahul's Model,18000000,0,0.6,0,TRUE,TRUE
300,Obj. Error (%),PINN Baseline,DC3,19038876,0,0.419,0,TRUE,TRUE
300,Obj. Error (%),PINN Baseline,FSNet,23573765.5,0,0.7572,0,TRUE,TRUE
300,Obj. Error (%),PINN Baseline,KKT,19792388.5,0,0.4494,0,TRUE,TRUE
300,Obj. Error (%),PINN Baseline,Rahul's Model,0,0,1,0,TRUE,TRUE
300,Obj. Error (%),DC3,FSNet,21510728,0,0.5768,0,TRUE,TRUE
300,Obj. Error (%),DC3,KKT,14977950.5,0,0.213,0,TRUE,TRUE
300,Obj. Error (%),DC3,Rahul's Model,0,0,1,0,TRUE,TRUE
300,Obj. Error (%),FSNet,KKT,6418837.5,0,0.3668,0,TRUE,TRUE
300,Obj. Error (%),FSNet,Rahul's Model,0,0,1,0,TRUE,TRUE
300,Obj. Error (%),KKT,Rahul's Model,0,0,1,0,TRUE,TRUE
300,Max_Eq,PINN Baseline,DC3,0,0,1,0,TRUE,TRUE
300,Max_Eq,PINN Baseline,FSNet,0,0,1,0,TRUE,TRUE
300,Max_Eq,PINN Baseline,KKT,9313253,0,0.4782,0,TRUE,TRUE
300,Max_Eq,PINN Baseline,Rahul's Model,19859875.5,0,0.789,0,TRUE,TRUE
300,Max_Eq,DC3,FSNet,0,0,1,0,TRUE,TRUE
300,Max_Eq,DC3,KKT,25000000,0,1,0,TRUE,TRUE
300,Max_Eq,DC3,Rahul's Model,25000000,0,1,0,TRUE,TRUE
300,Max_Eq,FSNet,KKT,25000000,0,1,0,TRUE,TRUE
300,Max_Eq,FSNet,Rahul's Model,25000000,0,1,0,TRUE,TRUE
300,Max_Eq,KKT,Rahul's Model,18793682.5,0,0.5952,0,TRUE,TRUE
300,Mean_Eq,PINN Baseline,DC3,0,0,1,0,TRUE,TRUE
300,Mean_Eq,PINN Baseline,FSNet,0,0,1,0,TRUE,TRUE
300,Mean_Eq,PINN Baseline,KKT,10983249.5,0,0.3736,0,TRUE,TRUE
300,Mean_Eq,PINN Baseline,Rahul's Model,0,0,1,0,TRUE,TRUE
300,Mean_Eq,DC3,FSNet,4829095,0,0.542,0,TRUE,TRUE
300,Mean_Eq,DC3,KKT,25000000,0,1,0,TRUE,TRUE
300,Mean_Eq,DC3,Rahul's Model,25000000,0,1,0,TRUE,TRUE
300,Mean_Eq,FSNet,KKT,25000000,0,1,0,TRUE,TRUE
300,Mean_Eq,FSNet,Rahul's Model,25000000,0,1,0,TRUE,TRUE
300,Mean_Eq,KKT,Rahul's Model,0,0,1,0,TRUE,TRUE
300,Max_Ineq,PINN Baseline,DC3,0,0,1,0,TRUE,TRUE
300,Max_Ineq,PINN Baseline,FSNet,0,0,1,0,TRUE,TRUE
300,Max_Ineq,PINN Baseline,KKT,25000000,0,1,0,TRUE,TRUE
300,Max_Ineq,PINN Baseline,Rahul's Model,25000000,0,1,0,TRUE,TRUE
300,Max_Ineq,DC3,FSNet,0,0,1,0,TRUE,TRUE
300,Max_Ineq,DC3,KKT,25000000,0,1,0,TRUE,TRUE
300,Max_Ineq,DC3,Rahul's Model,25000000,0,1,0,TRUE,TRUE
300,Max_Ineq,FSNet,KKT,25000000,0,1,0,TRUE,TRUE
300,Max_Ineq,FSNet,Rahul's Model,25000000,0,1,0,TRUE,TRUE
300,Max_Ineq,KKT,Rahul's Model,16000000,0,0.6,0,TRUE,TRUE
300,Mean_Ineq,PINN Baseline,DC3,0,0,1,0,TRUE,TRUE
300,Mean_Ineq,PINN Baseline,FSNet,0,0,1,0,TRUE,TRUE
300,Mean_Ineq,PINN Baseline,KKT,25000000,0,1,0,TRUE,TRUE
300,Mean_Ineq,PINN Baseline,Rahul's Model,25000000,0,1,0,TRUE,TRUE
300,Mean_Ineq,DC3,FSNet,0,0,1,0,TRUE,TRUE
300,Mean_Ineq,DC3,KKT,25000000,0,1,0,TRUE,TRUE
300,Mean_Ineq,DC3,Rahul's Model,25000000,0,1,0,TRUE,TRUE
300,Mean_Ineq,FSNet,KKT,25000000,0,1,0,TRUE,TRUE
300,Mean_Ineq,FSNet,Rahul's Model,25000000,0,1,0,TRUE,TRUE
300,Mean_Ineq,KKT,Rahul's Model,19000000,0,0.6,0,TRUE,TRUE
300,MAE_v,PINN Baseline,DC3,20441240.5,0,0.8006,0,TRUE,TRUE
300,MAE_v,PINN Baseline,FSNet,21024247.5,0,0.8044,0,TRUE,TRUE
300,MAE_v,PINN Baseline,KKT,25000000,0,1,0,TRUE,TRUE
300,MAE_v,PINN Baseline,Rahul's Model,25000000,0,1,0,TRUE,TRUE
300,MAE_v,DC3,FSNet,21456079,0,0.561,0,TRUE,TRUE
300,MAE_v,DC3,KKT,25000000,0,1,0,TRUE,TRUE
300,MAE_v,DC3,Rahul's Model,25000000,0,1,0,TRUE,TRUE
300,MAE_v,FSNet,KKT,25000000,0,1,0,TRUE,TRUE
300,MAE_v,FSNet,Rahul's Model,25000000,0,1,0,TRUE,TRUE
300,MAE_v,KKT,Rahul's Model,19457811,0,0.4296,0,TRUE,TRUE
300,MAE_pg,PINN Baseline,DC3,4437660.5,0,0.6228,0,TRUE,TRUE
300,MAE_pg,PINN Baseline,FSNet,10814225.5,0,0.3308,0,TRUE,TRUE
300,MAE_pg,PINN Baseline,KKT,8344618.5,0,0.473,0,TRUE,TRUE
300,MAE_pg,PINN Baseline,Rahul's Model,0,0,1,0,TRUE,TRUE
300,MAE_pg,DC3,FSNet,23795718,0,0.7912,0,TRUE,TRUE
300,MAE_pg,DC3,KKT,21475759,0,0.5864,0,TRUE,TRUE
300,MAE_pg,DC3,Rahul's Model,0,0,1,0,TRUE,TRUE
300,MAE_pg,FSNet,KKT,6355964.5,0,0.3782,0,TRUE,TRUE
300,MAE_pg,FSNet,Rahul's Model,0,0,1,0,TRUE,TRUE
300,MAE_pg,KKT,Rahul's Model,0,0,1,0,TRUE,TRUE
300,MAE_qg,PINN Baseline,DC3,906934,0,0.8526,0,TRUE,TRUE
300,MAE_qg,PINN Baseline,FSNet,765946.5,0,0.8722,0,TRUE,TRUE
300,MAE_qg,PINN Baseline,KKT,3950180.5,0,0.527,0,TRUE,TRUE
300,MAE_qg,PINN Baseline,Rahul's Model,0,0,1,0,TRUE,TRUE
300,MAE_qg,DC3,FSNet,11123464,0,0.084,0,TRUE,TRUE
300,MAE_qg,DC3,KKT,16844122,0,0.516,0,TRUE,TRUE
300,MAE_qg,DC3,Rahul's Model,0,0,1,0,TRUE,TRUE
300,MAE_qg,FSNet,KKT,17172185,0,0.5418,0,TRUE,TRUE
300,MAE_qg,FSNet,Rahul's Model,0,0,1,0,TRUE,TRUE
300,MAE_qg,KKT,Rahul's Model,1206,0,0.9962,0,TRUE,TRUE
300,Time_s,PINN Baseline,DC3,16000000,0,0.6,0,TRUE,TRUE
300,Time_s,PINN Baseline,FSNet,14000000,0,0.4,0,TRUE,TRUE
300,Time_s,PINN Baseline,KKT,0,0,1,0,TRUE,TRUE
300,Time_s,PINN Baseline,Rahul's Model,0,0,1,0,TRUE,TRUE
300,Time_s,DC3,FSNet,9000000,0,0.4,0,TRUE,TRUE
300,Time_s,DC3,KKT,0,0,1,0,TRUE,TRUE
300,Time_s,DC3,Rahul's Model,0,0,1,0,TRUE,TRUE
300,Time_s,FSNet,KKT,0,0,1,0,TRUE,TRUE
300,Time_s,FSNet,Rahul's Model,0,0,1,0,TRUE,TRUE
300,Time_s,KKT,Rahul's Model,11000000,0,0.4,0,TRUE,TRUE
