Bus,Case,Projection,Weights,Seed,Checkpoint,Objective_Deviation_pct,Max_Eq,Mean_Eq,Max_Ineq,Mean_Ineq,Max_Violation,Feasibility_Rate,Inference_Time_s
14,pglib_opf_case14_ieee,none,nominal,1,model/best_controlled_none_nominal_pglib_opf_case14_ieee_10000epochs_seed1_20260922_041500.pth,-803.639763305664,0.026198858186602593,0.006393055786378682,8.09642530822754,0.2996955152153969,8.09642530822754,0.0,5.372937116771936e-05
14,pglib_opf_case14_ieee,none,nominal,2,model/best_controlled_none_nominal_pglib_opf_case14_ieee_10000epochs_seed2_20260922_043739.pth,-863.1837356567382,0.041506490059196946,0.00942979328148067,8.626458578109741,0.24110407635569572,8.626458578109741,0.0,2.1812133491039275e-07
14,pglib_opf_case14_ieee,none,nominal,3,model/best_controlled_none_nominal_pglib_opf_case14_ieee_10000epochs_seed3_20260922_050559.pth,-808.7459385375977,0.038180246740579606,0.008007443054579198,8.141611357688904,0.3018231091499329,8.141611357688904,0.0,2.386579290032387e-07
14,pglib_opf_case14_ieee,none,nominal,4,model/best_controlled_none_nominal_pglib_opf_case14_ieee_10000epochs_seed4_20260922_054042.pth,-866.4086469726562,0.03878655692189932,0.010237651304341852,8.657855010032653,0.23859114725887776,8.657855010032653,0.0,2.482491545379162e-07
14,pglib_opf_case14_ieee,none,nominal,5,model/best_controlled_none_nominal_pglib_opf_case14_ieee_10000epochs_seed5_20260922_061643.pth,-804.5732481689453,0.045269933700561524,0.006513700698968023,8.103712406158447,0.30221858668327334,8.103712406158447,0.0,1.5453482046723365e-07
14,pglib_opf_case14_ieee,voltage,nominal,1,model/best_controlled_voltage_nominal_pglib_opf_case14_ieee_10000epochs_seed1_20260922_065131.pth,-809.6559540405274,0.028403704911470415,0.004785406306851655,8.153240509986878,0.30174244701862335,8.153240509986878,0.0,4.742102092131972e-05
14,pglib_opf_case14_ieee,voltage,nominal,2,model/best_controlled_voltage_nominal_pglib_opf_case14_ieee_10000epochs_seed2_20260922_072726.pth,-871.9346383666992,0.032543927893042564,0.005472147820983082,8.712496726989746,0.2367651442885399,8.712496726989746,0.0,2.047847956418991e-07
14,pglib_opf_case14_ieee,voltage,nominal,3,model/best_controlled_voltage_nominal_pglib_opf_case14_ieee_10000epochs_seed3_20260922_080233.pth,-873.4440366210938,0.03531393002718687,0.005872210610657931,8.7274534406662,0.23688387851417064,8.7274534406662,0.0,1.9331974908709527e-07
14,pglib_opf_case14_ieee,voltage,nominal,4,model/best_controlled_voltage_nominal_pglib_opf_case14_ieee_10000epochs_seed4_20260922_083740.pth,-872.8458189086914,0.03415857294201851,0.00573898524325341,8.720314063072205,0.23783082042634487,8.720314063072205,0.0,2.0460784435272217e-07
14,pglib_opf_case14_ieee,voltage,nominal,5,model/best_controlled_voltage_nominal_pglib_opf_case14_ieee_10000epochs_seed5_20260922_091132.pth,-810.5657584838867,0.028038465209305287,0.005838462576735765,8.16376090335846,0.3015630511045456,8.16376090335846,0.0,3.2568583264946936e-07
14,pglib_opf_case14_ieee,generation,nominal,1,model/best_controlled_generation_nominal_pglib_opf_case14_ieee_10000epochs_seed1_20260922_094546.pth,15.187884663105011,0.10100002491474151,0.03681417750194669,0.5997130461931228,0.046682536631822584,0.5997130461931228,0.0,3.108580689877272e-05
14,pglib_opf_case14_ieee,generation,nominal,2,model/best_controlled_generation_nominal_pglib_opf_case14_ieee_10000epochs_seed2_20260924_080020.pth,15.790214080810546,0.08234727497398853,0.03616903118416667,0.6675108659267426,0.054345850232988595,0.6675108659267426,0.0,2.1979818120598792e-07
14,pglib_opf_case14_ieee,generation,nominal,3,model/best_controlled_generation_nominal_pglib_opf_case14_ieee_10000epochs_seed3_20260924_080020.pth,16.40906816291809,0.08540835205465555,0.03443742934428155,0.7165624955892563,0.05934755275771022,0.7165624955892563,0.0,1.8993206322193145e-07
14,pglib_opf_case14_ieee,generation,nominal,4,model/best_controlled_generation_nominal_pglib_opf_case14_ieee_10000epochs_seed4_20260924_080020.pth,15.867849173069,0.09430103325843811,0.035027432333678006,0.6663091889619828,0.05376820722594857,0.6663091889619828,0.0,1.8050894141197204e-07
14,pglib_opf_case14_ieee,generation,nominal,5,model/best_controlled_generation_nominal_pglib_opf_case14_ieee_10000epochs_seed5_20260924_080020.pth,15.137498680591584,0.07288193353265524,0.03490195807814598,0.6410481817722321,0.05131144177913666,0.6410481817722321,0.0,1.7796177417039872e-07
14,pglib_opf_case14_ieee,full,nominal,1,model/best_controlled_full_nominal_pglib_opf_case14_ieee_10000epochs_seed1_20260924_073545.pth,8.166320598602296,0.09183567401766778,0.04461982049047947,0.05803346210718155,0.0010338859325274825,0.09183567401766778,0.0,2.082139253616333e-07
14,pglib_opf_case14_ieee,full,nominal,2,model/best_controlled_full_nominal_pglib_opf_case14_ieee_10000epochs_seed2_20260924_073545.pth,8.215714304327964,0.09372791576385497,0.04373884691298008,0.058913586556911465,0.00104730436950922,0.09372791576385497,0.0,1.8972111865878105e-07
14,pglib_opf_case14_ieee,full,nominal,3,model/best_controlled_full_nominal_pglib_opf_case14_ieee_10000epochs_seed3_20260924_073545.pth,8.21094042557478,0.09166645546257496,0.04380020781978965,0.05886813777685165,0.0010459664040245115,0.09166645546257496,0.0,1.9897427409887313e-07
14,pglib_opf_case14_ieee,full,nominal,4,model/best_controlled_full_nominal_pglib_opf_case14_ieee_10000epochs_seed4_20260924_073545.pth,8.232209754228592,0.09052127873897553,0.04415596403926611,0.0616593331694603,0.0010946667697280645,0.09052127873897553,0.0,1.9343383610248566e-07
14,pglib_opf_case14_ieee,full,nominal,5,model/best_controlled_full_nominal_pglib_opf_case14_ieee_10000epochs_seed5_20260924_073545.pth,8.268126873373985,0.09513822765648365,0.04427760708704591,0.05891246098279953,0.001049086914397776,0.09513822765648365,0.0,1.8244609236717225e-07
14,pglib_opf_case14_ieee,full,equal,1,model/best_controlled_full_equal_pglib_opf_case14_ieee_10000epochs_seed1_20260922_042806.pth,-100.0,0.1970350123345852,0.09436511393636465,0.0015844963788986205,1.2378877960145473e-05,0.1970350123345852,0.0,2.0590005442500113e-07
14,pglib_opf_case14_ieee,full,equal,2,model/best_controlled_full_equal_pglib_opf_case14_ieee_10000epochs_seed2_20260922_045223.pth,-100.0,0.19787820599973202,0.09434247155487538,0.0,0.0,0.19787820599973202,0.0,2.851248718798161e-07
14,pglib_opf_case14_ieee,full,equal,3,model/best_controlled_full_equal_pglib_opf_case14_ieee_10000epochs_seed3_20260922_052607.pth,-100.0,0.19852779337763787,0.09439649393409491,0.001468194842338562,1.1470272205770016e-05,0.19852779337763787,0.0,2.846652641892433e-07
14,pglib_opf_case14_ieee,full,equal,4,model/best_controlled_full_equal_pglib_opf_case14_ieee_10000epochs_seed4_20260922_060156.pth,-100.0,0.19824557681381702,0.09423730045557022,0.001703518033027649,1.3308734633028508e-05,0.19824557681381702,0.0,2.413536421954632e-07
14,pglib_opf_case14_ieee,full,equal,5,model/best_controlled_full_equal_pglib_opf_case14_ieee_10000epochs_seed5_20260922_063637.pth,-100.0,0.20005088309943675,0.09435350144654513,0.001365526556968689,1.0668176226317883e-05,0.20005088309943675,0.0,2.2535771131515503e-07
14,pglib_opf_case14_ieee,full,inequality,1,model/best_controlled_full_inequality_pglib_opf_case14_ieee_10000epochs_seed1_20260922_071150.pth,-100.0,0.19918573245406151,0.09442657915502786,1.1882781982421875e-06,9.28342342376709e-09,0.19918573245406151,0.0,4.922747611999512e-07
14,pglib_opf_case14_ieee,full,inequality,2,model/best_controlled_full_inequality_pglib_opf_case14_ieee_10000epochs_seed2_20260922_074659.pth,-100.0,0.19832681769132615,0.09466956955939532,1.9208192825317382e-06,1.5006400644779205e-08,0.19832681769132615,0.0,2.443017438054085e-07
14,pglib_opf_case14_ieee,full,inequality,3,model/best_controlled_full_inequality_pglib_opf_case14_ieee_10000epochs_seed3_20260922_082157.pth,-100.0,0.19871003204584123,0.09438195157051087,2.180337905883789e-06,1.70338898897171e-08,0.19871003204584123,0.0,2.2351834923028946e-07
14,pglib_opf_case14_ieee,full,inequality,4,model/best_controlled_full_inequality_pglib_opf_case14_ieee_10000epochs_seed4_20260922_085603.pth,-100.0,0.19888896697759628,0.09439198010414838,1.519322395324707e-06,1.1869706213474273e-08,0.19888896697759628,0.0,3.8993312045931816e-07
14,pglib_opf_case14_ieee,full,inequality,5,model/best_controlled_full_inequality_pglib_opf_case14_ieee_10000epochs_seed5_20260922_093002.pth,-100.0,0.19836688792705537,0.09457255887240171,1.0079145431518555e-06,7.874332368373871e-09,0.19836688792705537,0.0,3.6948593333363535e-07
14,pglib_opf_case14_ieee,full,physics,1,model/best_controlled_full_physics_pglib_opf_case14_ieee_10000epochs_seed1_20260922_100355.pth,7.355263458117843,0.09294518914073706,0.043894979104399684,0.02367635405063629,0.0003548264652490616,0.09294518914073706,0.0,2.0867167040705682e-07
14,pglib_opf_case14_ieee,full,physics,2,model/best_controlled_full_physics_pglib_opf_case14_ieee_10000epochs_seed2_20260922_103311.pth,7.342544365048409,0.09276428933441638,0.04365610353276134,0.02365960705280304,0.00035182259883731606,0.09276428933441638,0.0,3.0068401247262957e-07
14,pglib_opf_case14_ieee,full,physics,3,model/best_controlled_full_physics_pglib_opf_case14_ieee_10000epochs_seed3_20260922_110152.pth,7.351866521850228,0.09374547562748194,0.04358550506457686,0.023700814485549927,0.00035215677181258797,0.09374547562748194,0.0,2.8750114142894745e-07
14,pglib_opf_case14_ieee,full,physics,4,model/best_controlled_full_physics_pglib_opf_case14_ieee_10000epochs_seed4_20260922_113014.pth,7.353583520084619,0.09021398878097533,0.04400379076227546,0.023613008260726927,0.00035667495056986807,0.09021398878097533,0.0,2.1329103037714958e-07
14,pglib_opf_case14_ieee,full,physics,5,model/best_controlled_full_physics_pglib_opf_case14_ieee_10000epochs_seed5_20260922_115915.pth,7.352289338931441,0.09228107760846614,0.04370247010141611,0.02367960822582245,0.0003582441844046116,0.09228107760846614,0.0,2.1948805078864097e-07
14,pglib_opf_case14_ieee,full,objective,1,model/best_controlled_full_objective_pglib_opf_case14_ieee_10000epochs_seed1_20260922_122744.pth,-45.70049115753174,0.11522613245993853,0.05546752943471074,0.0946394727230072,0.001483598327729851,0.11522613245993853,0.0,2.154349349439144e-07
14,pglib_opf_case14_ieee,full,objective,2,model/best_controlled_full_objective_pglib_opf_case14_ieee_10000epochs_seed2_20260922_125634.pth,-45.73653513336182,0.11148638071864843,0.05577430241554975,0.09415152162313462,0.0014750329670496286,0.11148638071864843,0.0,2.0300131291151047e-07
14,pglib_opf_case14_ieee,full,objective,3,model/best_controlled_full_objective_pglib_opf_case14_ieee_10000epochs_seed3_20260922_132609.pth,-45.74404958343506,0.11136521705240011,0.05567793373763561,0.09415442311763764,0.0014744947790168226,0.11136521705240011,0.0,2.495432272553444e-07
14,pglib_opf_case14_ieee,full,objective,4,model/best_controlled_full_objective_pglib_opf_case14_ieee_10000epochs_seed4_20260922_135600.pth,-45.73105700302124,0.11324846413731575,0.05580631134286523,0.09386977952718735,0.0014711719299666584,0.11324846413731575,0.0,2.134963870048523e-07
14,pglib_opf_case14_ieee,full,objective,5,model/best_controlled_full_objective_pglib_opf_case14_ieee_10000epochs_seed5_20260922_142505.pth,-45.70689752960205,0.11445720119774341,0.05500244148075581,0.09459159386157989,0.0014811419206671418,0.11445720119774341,0.0,2.6497896760702134e-07
57,pglib_opf_case57_ieee,none,nominal,1,model/best_controlled_none_nominal_pglib_opf_case57_ieee_10000epochs_seed1_20260922_044710.pth,-329.25910375976565,0.22261112001538277,0.025661259800195693,17.594566150665283,0.36162774658203123,17.594566150665283,0.0,2.82572116702795e-07
57,pglib_opf_case57_ieee,none,nominal,2,model/best_controlled_none_nominal_pglib_opf_case57_ieee_10000epochs_seed2_20260922_052119.pth,-252.49702717590333,0.13273164269328117,0.022893481900915502,16.63908952140808,0.3306888544857502,16.63908952140808,0.0,1.9249087199568748e-07
57,pglib_opf_case57_ieee,none,nominal,3,model/best_controlled_none_nominal_pglib_opf_case57_ieee_10000epochs_seed3_20260922_055659.pth,-332.8911156311035,0.17702196176350116,0.027491422146558763,17.68515897369385,0.37204885557293893,17.68515897369385,0.0,1.9240891560912132e-07
57,pglib_opf_case57_ieee,none,nominal,4,model/best_controlled_none_nominal_pglib_opf_case57_ieee_10000epochs_seed4_20260922_063224.pth,-333.6842301635742,0.14799974077939987,0.02836118335276842,17.690192218780517,0.37252709531784056,17.690192218780517,0.0,1.4195684343576432e-07
57,pglib_opf_case57_ieee,none,nominal,5,model/best_controlled_none_nominal_pglib_opf_case57_ieee_10000epochs_seed5_20260922_070722.pth,-332.0282497253418,0.18104382434487343,0.027092607809230684,17.67469333076477,0.37000557082891466,17.67469333076477,0.0,1.359200105071068e-07
57,pglib_opf_case57_ieee,voltage,nominal,1,model/best_controlled_voltage_nominal_pglib_opf_case57_ieee_10000epochs_seed1_20260922_074312.pth,-288.16344479370116,0.11923361539840699,0.022072620349004864,16.890176992416382,0.3919826195538044,16.890176992416382,0.0,3.50321177393198e-07
57,pglib_opf_case57_ieee,voltage,nominal,2,model/best_controlled_voltage_nominal_pglib_opf_case57_ieee_10000epochs_seed2_20260922_081942.pth,-291.655149017334,0.09899975761771201,0.021013640373945236,17.186726718902587,0.39334829047322273,17.186726718902587,0.0,2.3710867390036583e-07
57,pglib_opf_case57_ieee,voltage,nominal,3,model/best_controlled_voltage_nominal_pglib_opf_case57_ieee_10000epochs_seed3_20260922_085351.pth,-288.3097499694824,0.10576588504016399,0.021935808073729277,16.90682459831238,0.39254905939102175,16.90682459831238,0.0,1.8523912876844406e-07
57,pglib_opf_case57_ieee,voltage,nominal,4,model/best_controlled_voltage_nominal_pglib_opf_case57_ieee_10000epochs_seed4_20260922_092808.pth,-285.19320654296877,0.07864477022737265,0.02129489247314632,16.51330565071106,0.3836266256272793,16.51330565071106,0.0,1.7314916476607322e-07
57,pglib_opf_case57_ieee,voltage,nominal,5,model/best_controlled_voltage_nominal_pglib_opf_case57_ieee_10000epochs_seed5_20260922_100203.pth,-319.2128588867188,0.12750516188144684,0.020513129936531187,17.62311236381531,0.35125688269734384,17.62311236381531,0.0,1.6072625294327735e-07
57,pglib_opf_case57_ieee,generation,nominal,1,model/best_controlled_generation_nominal_pglib_opf_case57_ieee_10000epochs_seed1_20260922_103155.pth,-20.429781399726867,0.07758992368727922,0.025423564247787,0.46034527230262756,0.04906799353286624,0.46034527230262756,0.0,2.129301428794861e-07
57,pglib_opf_case57_ieee,generation,nominal,2,model/best_controlled_generation_nominal_pglib_opf_case57_ieee_10000epochs_seed2_20260922_110110.pth,-20.69349341964722,0.09180255073308945,0.025795046821236612,0.4382581989467144,0.04622182691469789,0.4382581989467144,0.0,5.808128044009209e-07
57,pglib_opf_case57_ieee,generation,nominal,3,model/best_controlled_generation_nominal_pglib_opf_case57_ieee_10000epochs_seed3_20260922_112933.pth,-20.925574097633362,0.09616234941035509,0.026244798419997096,0.4193502720892429,0.04359622504934669,0.4193502720892429,0.0,5.517927929759025e-07
57,pglib_opf_case57_ieee,generation,nominal,4,model/best_controlled_generation_nominal_pglib_opf_case57_ieee_10000epochs_seed4_20260922_115808.pth,-20.661115718841554,0.09880936026573181,0.02584547133371234,0.43808422565460203,0.04636340544372797,0.43808422565460203,0.0,2.8756866231560706e-07
57,pglib_opf_case57_ieee,generation,nominal,5,model/best_controlled_generation_nominal_pglib_opf_case57_ieee_10000epochs_seed5_20260922_122702.pth,-20.74462151622772,0.09981887049973011,0.026131988514214752,0.4476900852918625,0.047343692183494566,0.4476900852918625,0.0,1.8667802214622496e-07
57,pglib_opf_case57_ieee,full,nominal,1,model/best_controlled_full_nominal_pglib_opf_case57_ieee_10000epochs_seed1_20260922_125542.pth,-21.63811493015289,0.10593544571101665,0.025862625662237407,0.3540449289083481,0.03302557723410428,0.3540449289083481,0.0,4.908507689833641e-07
57,pglib_opf_case57_ieee,full,nominal,2,model/best_controlled_full_nominal_pglib_opf_case57_ieee_10000epochs_seed2_20260922_132521.pth,-21.58317283153534,0.11705044376850128,0.025484023861587046,0.32774834752082826,0.02925058907456696,0.32774834752082826,0.0,2.2798078134655952e-07
57,pglib_opf_case57_ieee,full,nominal,3,model/best_controlled_full_nominal_pglib_opf_case57_ieee_10000epochs_seed3_20260922_135526.pth,-21.413390149116516,0.0781143207103014,0.025805220190435647,0.3734558462202549,0.03619634252786636,0.3734558462202549,0.0,2.0875968039035797e-07
57,pglib_opf_case57_ieee,full,nominal,4,model/best_controlled_full_nominal_pglib_opf_case57_ieee_10000epochs_seed4_20260922_142409.pth,-21.163566694259643,0.08220249097794294,0.025886145388707517,0.3743654530644417,0.03648577405512333,0.3743654530644417,0.0,2.0226184278726577e-07
57,pglib_opf_case57_ieee,full,nominal,5,model/best_controlled_full_nominal_pglib_opf_case57_ieee_10000epochs_seed5_20260922_170449.pth,-21.530099076271057,0.11023529502749443,0.025449994882568716,0.3356503304839134,0.030488007320091128,0.3356503304839134,0.0,1.9325781613588332e-07
57,pglib_opf_case57_ieee,full,equal,1,model/best_controlled_full_equal_pglib_opf_case57_ieee_10000epochs_seed1_20260922_045405.pth,-100.0,0.35317662987112997,0.12698472026735544,0.07017771476507187,0.0010167894804035313,0.35317662987112997,0.0,2.1749502047896386e-07
57,pglib_opf_case57_ieee,full,equal,2,model/best_controlled_full_equal_pglib_opf_case57_ieee_10000epochs_seed2_20260922_052805.pth,-100.0,0.3543963194489479,0.12705230755358934,0.07043493020534515,0.0010134857874945738,0.3543963194489479,0.0,2.397247590124607e-07
57,pglib_opf_case57_ieee,full,equal,3,model/best_controlled_full_equal_pglib_opf_case57_ieee_10000epochs_seed3_20260922_060408.pth,-100.0,0.35246171003580096,0.12704824774712326,0.07008112961053849,0.001016452262410894,0.35246171003580096,0.0,2.69169919192791e-07
57,pglib_opf_case57_ieee,full,equal,4,model/best_controlled_full_equal_pglib_opf_case57_ieee_10000epochs_seed4_20260922_063857.pth,-100.0,0.35225290548801425,0.12690173390507697,0.07060941511392593,0.0010169831699458883,0.35225290548801425,0.0,2.8593884781002997e-07
57,pglib_opf_case57_ieee,full,equal,5,model/best_controlled_full_equal_pglib_opf_case57_ieee_10000epochs_seed5_20260922_071415.pth,-100.0,0.3518124850988388,0.12714134788513184,0.07034869730472565,0.0010119133014813997,0.3518124850988388,0.0,5.611078813672066e-07
57,pglib_opf_case57_ieee,full,inequality,1,model/best_controlled_full_inequality_pglib_opf_case57_ieee_10000epochs_seed1_20260922_074916.pth,-100.0,0.3625723098516464,0.12902527114748955,0.000596624732017517,3.4398949962906047e-06,0.3625723098516464,0.0,3.4161098301410677e-07
57,pglib_opf_case57_ieee,full,inequality,2,model/best_controlled_full_inequality_pglib_opf_case57_ieee_10000epochs_seed2_20260922_082423.pth,-100.0,0.3568899202644825,0.12885627917945386,0.00042147040367126467,2.452544058485273e-06,0.3568899202644825,0.0,4.2079482227563857e-07
57,pglib_opf_case57_ieee,full,inequality,3,model/best_controlled_full_inequality_pglib_opf_case57_ieee_10000epochs_seed3_20260922_085810.pth,-100.0,4.383049575328827,0.5162584349513054,0.5812084898352623,0.0065112706166692074,4.383049575328827,0.0,3.224760293960571e-07
57,pglib_opf_case57_ieee,full,inequality,4,model/best_controlled_full_inequality_pglib_opf_case57_ieee_10000epochs_seed4_20260922_093215.pth,-100.0,5.320816710472107,0.6434481853246689,0.7602833364605903,0.012151202864944935,5.320816710472107,0.0,4.02859877794981e-07
57,pglib_opf_case57_ieee,full,inequality,5,model/best_controlled_full_inequality_pglib_opf_case57_ieee_10000epochs_seed5_20260922_100557.pth,-100.0,0.35538954108953474,0.12860224781930446,0.0007227400541305542,3.152498947429194e-06,0.35538954108953474,0.0,3.572152927517891e-07
57,pglib_opf_case57_ieee,full,physics,1,model/best_controlled_full_physics_pglib_opf_case57_ieee_10000epochs_seed1_20260922_103454.pth,14.669212428092957,0.32848633360862733,0.0680894178673625,0.8830692368745804,0.012824455616995693,0.8830692368745804,0.0,3.522345796227455e-07
57,pglib_opf_case57_ieee,full,physics,2,model/best_controlled_full_physics_pglib_opf_case57_ieee_10000epochs_seed2_20260922_110332.pth,-22.831490405082704,0.10032995530962945,0.025389802077785135,0.01519505226612091,4.5331511964832314e-05,0.10032995530962945,0.0,2.7733296155929565e-07
57,pglib_opf_case57_ieee,full,physics,3,model/best_controlled_full_physics_pglib_opf_case57_ieee_10000epochs_seed3_20260922_113212.pth,-22.598274088859558,0.08230655134469271,0.025309980073943736,0.022156584918498992,8.406358149659354e-05,0.08230655134469271,0.0,2.3927586153149605e-07
57,pglib_opf_case57_ieee,full,physics,4,model/best_controlled_full_physics_pglib_opf_case57_ieee_10000epochs_seed4_20260922_120115.pth,0.176536133310874,0.23066405576467514,0.04545601887628436,0.8828214992284775,0.006269716127309948,0.8828214992284775,0.0,3.0749570578336715e-07
57,pglib_opf_case57_ieee,full,physics,5,model/best_controlled_full_physics_pglib_opf_case57_ieee_10000epochs_seed5_20260922_122943.pth,-22.847838583946228,0.07957671777158976,0.025404162902384998,0.020476825892925262,7.335481727932347e-05,0.07957671777158976,0.0,3.3554527908563613e-07
57,pglib_opf_case57_ieee,full,objective,1,model/best_controlled_full_objective_pglib_opf_case57_ieee_10000epochs_seed1_20260922_125808.pth,-91.94809133911133,0.2946230072975159,0.11100823863595724,0.24051880341768264,0.0063249441110529,0.2946230072975159,0.0,3.298521041870117e-07
57,pglib_opf_case57_ieee,full,objective,2,model/best_controlled_full_objective_pglib_opf_case57_ieee_10000epochs_seed2_20260922_132755.pth,-91.84820976257325,0.3064157004952431,0.11056782890856266,0.25388175451755524,0.007034422237891704,0.3064157004952431,0.0,3.349720500409603e-07
57,pglib_opf_case57_ieee,full,objective,3,model/best_controlled_full_objective_pglib_opf_case57_ieee_10000epochs_seed3_20260922_135800.pth,-91.95584746551513,0.2949831977188587,0.11135603872686625,0.23979986840486525,0.006226980119477957,0.2949831977188587,0.0,3.333780914545059e-07
57,pglib_opf_case57_ieee,full,objective,4,model/best_controlled_full_objective_pglib_opf_case57_ieee_10000epochs_seed4_20260922_142653.pth,-91.94406959533691,0.29702069190144537,0.1113394371420145,0.2547981016039848,0.007301531313918531,0.29702069190144537,0.0,2.2926460951566695e-07
57,pglib_opf_case57_ieee,full,objective,5,model/best_controlled_full_objective_pglib_opf_case57_ieee_10000epochs_seed5_20260922_170449.pth,-91.96160950469971,0.2949717012047768,0.11050398996472359,0.2384302013516426,0.006164085186552256,0.2949717012047768,0.0,2.2233324125409126e-07
162,pglib_opf_case162_ieee_dtc,none,nominal,1,model/controlled_ablation_20260922/iss_4090/case162/best_controlled_none_nominal_pglib_opf_case162_ieee_dtc_10000epochs_seed1_20260922_214108.pth,-45.930270133972165,0.43834298369288444,0.09518795069307089,20.761955657958985,0.1726888473033905,20.761955657958985,0.0,2.1920586004853248e-07
162,pglib_opf_case162_ieee_dtc,none,nominal,2,model/controlled_ablation_20260922/iss_4090/case162/best_controlled_none_nominal_pglib_opf_case162_ieee_dtc_10000epochs_seed2_20260922_214842.pth,-47.11337635803223,0.3752812413573265,0.08856943311542273,15.67851879119873,0.1439851953238249,15.67851879119873,0.0,1.212935894727707e-07
162,pglib_opf_case162_ieee_dtc,none,nominal,3,model/controlled_ablation_20260922/iss_4090/case162/best_controlled_none_nominal_pglib_opf_case162_ieee_dtc_10000epochs_seed3_20260922_215543.pth,-48.46064579391479,0.45562626749277113,0.09021534983813763,15.763105861663819,0.14348126681149007,15.763105861663819,0.0,1.25993974506855e-07
162,pglib_opf_case162_ieee_dtc,none,nominal,4,model/controlled_ablation_20260922/iss_4090/case162/best_controlled_none_nominal_pglib_opf_case162_ieee_dtc_10000epochs_seed4_20260922_220404.pth,-47.91147338867187,0.3529258037507534,0.08685353740304709,15.315182428359986,0.14406829266250135,15.315182428359986,0.0,1.2653786689043045e-07
162,pglib_opf_case162_ieee_dtc,none,nominal,5,model/controlled_ablation_20260922/iss_4090/case162/best_controlled_none_nominal_pglib_opf_case162_ieee_dtc_10000epochs_seed5_20260922_221055.pth,-47.68978446960449,0.45064968183636667,0.08801186498254537,15.062123111724853,0.14575404700636863,15.062123111724853,0.0,1.183697022497654e-07
162,pglib_opf_case162_ieee_dtc,voltage,nominal,1,model/controlled_ablation_20260922/iss_4090/case162/best_controlled_voltage_nominal_pglib_opf_case162_ieee_dtc_10000epochs_seed1_20260922_221756.pth,-44.89848681259155,0.450927487462759,0.10371545708924532,16.785946992874145,0.1635087435245514,16.785946992874145,0.0,1.5231315046548842e-07
162,pglib_opf_case162_ieee_dtc,voltage,nominal,2,model/controlled_ablation_20260922/iss_4090/case162/best_controlled_voltage_nominal_pglib_opf_case162_ieee_dtc_10000epochs_seed2_20260922_222453.pth,-49.07292361831665,0.5000191631317139,0.08539614336192608,12.57885166168213,0.13455788888037204,12.57885166168213,0.0,3.344938158988953e-07
162,pglib_opf_case162_ieee_dtc,voltage,nominal,3,model/controlled_ablation_20260922/iss_4090/case162/best_controlled_voltage_nominal_pglib_opf_case162_ieee_dtc_10000epochs_seed3_20260922_223158.pth,-50.23613534927368,0.5539671261310577,0.08776423256099224,16.974354173660277,0.13696032806485892,16.974354173660277,0.0,1.6370508819818495e-07
162,pglib_opf_case162_ieee_dtc,voltage,nominal,4,model/controlled_ablation_20260922/iss_4090/case162/best_controlled_voltage_nominal_pglib_opf_case162_ieee_dtc_10000epochs_seed4_20260922_223856.pth,-49.128835147857664,0.5592827950716018,0.08568193501979113,12.84705287361145,0.13485852544009685,12.84705287361145,0.0,1.4377105981111526e-07
162,pglib_opf_case162_ieee_dtc,voltage,nominal,5,model/controlled_ablation_20260922/iss_4090/case162/best_controlled_voltage_nominal_pglib_opf_case162_ieee_dtc_10000epochs_seed5_20260922_224550.pth,-49.044105987548825,0.3848640991747379,0.08753544143587351,13.160784322738648,0.13294297114759684,13.160784322738648,0.0,1.4482811093330384e-07
162,pglib_opf_case162_ieee_dtc,generation,nominal,1,model/controlled_ablation_20260922/iss_4090/case162/best_controlled_generation_nominal_pglib_opf_case162_ieee_dtc_10000epochs_seed1_20260922_225247.pth,-36.62321907043457,0.4756121385395527,0.12991172867268325,20.1387734336853,0.10159975328296424,20.1387734336853,0.0,1.7000315710902214e-07
162,pglib_opf_case162_ieee_dtc,generation,nominal,2,model/controlled_ablation_20260922/iss_4090/case162/best_controlled_generation_nominal_pglib_opf_case162_ieee_dtc_10000epochs_seed2_20260922_225947.pth,-34.918733491897584,0.49639114558696745,0.09509519754350185,13.464103420257569,0.0843818244934082,13.464103420257569,0.0,1.6690604388713837e-07
162,pglib_opf_case162_ieee_dtc,generation,nominal,3,model/controlled_ablation_20260922/iss_4090/case162/best_controlled_generation_nominal_pglib_opf_case162_ieee_dtc_10000epochs_seed3_20260922_230630.pth,-36.551635566711425,0.4790471281707287,0.13008671416342257,20.710760290145874,0.10154305281490088,20.710760290145874,0.0,1.6781222075223924e-07
162,pglib_opf_case162_ieee_dtc,generation,nominal,4,model/controlled_ablation_20260922/iss_4090/case162/best_controlled_generation_nominal_pglib_opf_case162_ieee_dtc_10000epochs_seed4_20260922_231319.pth,-38.22822003555298,0.41981915137171744,0.10673986310511828,14.871434175491332,0.10131634087115526,14.871434175491332,0.0,1.6631186008453369e-07
162,pglib_opf_case162_ieee_dtc,generation,nominal,5,model/controlled_ablation_20260922/iss_4090/case162/best_controlled_generation_nominal_pglib_opf_case162_ieee_dtc_10000epochs_seed5_20260922_232003.pth,-36.60048129272461,0.4302081665992737,0.10059520100802183,14.155367130279542,0.09100426761806012,14.155367130279542,0.0,2.3132702335715295e-07
162,pglib_opf_case162_ieee_dtc,full,nominal,1,model/controlled_ablation_20260922/iss_4090/case162/best_controlled_full_nominal_pglib_opf_case162_ieee_dtc_10000epochs_seed1_20260922_232632.pth,-36.42193368911743,0.4417434424161911,0.1035694011002779,15.298647565841675,0.07774130056798458,15.298647565841675,0.0,2.0117592066526413e-07
162,pglib_opf_case162_ieee_dtc,full,nominal,2,model/controlled_ablation_20260922/iss_4090/case162/best_controlled_full_nominal_pglib_opf_case162_ieee_dtc_10000epochs_seed2_20260922_233317.pth,-36.541720447540285,0.384049947142601,0.10245113126188517,14.940921075820922,0.0781172887161374,14.940921075820922,0.0,2.4004606530070305e-07
162,pglib_opf_case162_ieee_dtc,full,nominal,3,model/controlled_ablation_20260922/iss_4090/case162/best_controlled_full_nominal_pglib_opf_case162_ieee_dtc_10000epochs_seed3_20260922_233951.pth,-37.24180112457275,0.48890867638587954,0.1301891739666462,17.680080238342285,0.10033508060127497,17.680080238342285,0.0,1.9664410501718522e-07
162,pglib_opf_case162_ieee_dtc,full,nominal,4,model/controlled_ablation_20260922/iss_4090/case162/best_controlled_full_nominal_pglib_opf_case162_ieee_dtc_10000epochs_seed4_20260922_234625.pth,-38.49899133682251,0.43591673639416695,0.11964516271650791,15.431457273483277,0.07625674165040254,15.431457273483277,0.0,1.8626218661665917e-07
162,pglib_opf_case162_ieee_dtc,full,nominal,5,model/controlled_ablation_20260922/iss_4090/case162/best_controlled_full_nominal_pglib_opf_case162_ieee_dtc_10000epochs_seed5_20260922_235253.pth,-37.96418192672729,0.412870745241642,0.10557405454665422,14.94892367553711,0.0898233341127634,14.94892367553711,0.0,1.8656486645340919e-07
162,pglib_opf_case162_ieee_dtc,full,equal,1,model/controlled_ablation_20260922/iss_4090/case162/best_controlled_full_equal_pglib_opf_case162_ieee_dtc_10000epochs_seed1_20260922_235930.pth,-100.0,5.628788415908813,0.25856647093594076,1.090912088394165,0.00709832251816988,5.628788415908813,0.0,1.8934300169348716e-07
162,pglib_opf_case162_ieee_dtc,full,equal,2,model/controlled_ablation_20260922/iss_4090/case162/best_controlled_full_equal_pglib_opf_case162_ieee_dtc_10000epochs_seed2_20260923_000612.pth,-100.0,6.705977774620056,0.3166893390119076,1.4290736465454101,0.01951014979183674,6.705977774620056,0.0,2.1946895867586135e-07
162,pglib_opf_case162_ieee_dtc,full,equal,3,model/controlled_ablation_20260922/iss_4090/case162/best_controlled_full_equal_pglib_opf_case162_ieee_dtc_10000epochs_seed3_20260923_001246.pth,-100.0,6.7026185131073,0.31688665395975113,1.3965480890274047,0.019642205957323314,6.7026185131073,0.0,1.9246479496359825e-07
162,pglib_opf_case162_ieee_dtc,full,equal,4,model/controlled_ablation_20260922/iss_4090/case162/best_controlled_full_equal_pglib_opf_case162_ieee_dtc_10000epochs_seed4_20260923_001924.pth,-100.0,5.610489192962646,0.2577796622663736,1.0919824953079225,0.00722175749624148,5.610489192962646,0.0,3.912188112735748e-07
162,pglib_opf_case162_ieee_dtc,full,equal,5,model/controlled_ablation_20260922/iss_4090/case162/best_controlled_full_equal_pglib_opf_case162_ieee_dtc_10000epochs_seed5_20260923_002553.pth,-100.0,5.635632078170777,0.26011697965860364,1.0924385180473328,0.007058070654515177,5.635632078170777,0.0,2.790028229355812e-07
162,pglib_opf_case162_ieee_dtc,full,inequality,1,model/controlled_ablation_20260922/iss_4090/case162/best_controlled_full_inequality_pglib_opf_case162_ieee_dtc_10000epochs_seed1_20260923_003228.pth,-100.0,7.674145278930664,0.3061203372478485,0.038198381662368774,7.706077303737402e-05,7.674145278930664,0.0,1.9790837541222572e-07
162,pglib_opf_case162_ieee_dtc,full,inequality,2,model/controlled_ablation_20260922/iss_4090/case162/best_controlled_full_inequality_pglib_opf_case162_ieee_dtc_10000epochs_seed2_20260923_003902.pth,-100.0,7.63233888912201,0.30753380808234215,0.0372883879840374,8.544657447782811e-05,7.63233888912201,0.0,1.932368613779545e-07
162,pglib_opf_case162_ieee_dtc,full,inequality,3,model/controlled_ablation_20260922/iss_4090/case162/best_controlled_full_inequality_pglib_opf_case162_ieee_dtc_10000epochs_seed3_20260923_004535.pth,-100.0,7.660564750671386,0.3073468415439129,0.03613895210623741,7.423497700074222e-05,7.660564750671386,0.0,2.8682686388492585e-07
162,pglib_opf_case162_ieee_dtc,full,inequality,4,model/controlled_ablation_20260922/iss_4090/case162/best_controlled_full_inequality_pglib_opf_case162_ieee_dtc_10000epochs_seed4_20260923_005210.pth,-100.0,7.625583258628845,0.30589298579096796,0.03785312679409981,9.627187386649894e-05,7.625583258628845,0.0,2.586403861641884e-07
162,pglib_opf_case162_ieee_dtc,full,inequality,5,model/controlled_ablation_20260922/iss_4090/case162/best_controlled_full_inequality_pglib_opf_case162_ieee_dtc_10000epochs_seed5_20260923_005846.pth,-100.0,7.6717087802886965,0.3084360452592373,0.03630732932686806,7.190844058641233e-05,7.6717087802886965,0.0,1.920941285789013e-07
162,pglib_opf_case162_ieee_dtc,full,physics,1,model/controlled_ablation_20260922/iss_4090/case162/best_controlled_full_physics_pglib_opf_case162_ieee_dtc_10000epochs_seed1_20260923_010601.pth,-40.593318241119384,0.79240972417593,0.14685606488585473,0.8816497746706009,0.022737508850172162,0.890186587870121,0.0,1.9532395526766776e-07
162,pglib_opf_case162_ieee_dtc,full,physics,2,model/controlled_ablation_20260922/iss_4090/case162/best_controlled_full_physics_pglib_opf_case162_ieee_dtc_10000epochs_seed2_20260923_011250.pth,-40.11617485427856,0.8080040393471718,0.14638254292309283,0.8815370850563049,0.022678261836990714,0.8893888832926751,0.0,1.8195435404777528e-07
162,pglib_opf_case162_ieee_dtc,full,physics,3,model/controlled_ablation_20260922/iss_4090/case162/best_controlled_full_physics_pglib_opf_case162_ieee_dtc_10000epochs_seed3_20260923_011928.pth,-42.961071838378906,0.8239597302079201,0.15359853279590607,0.8813841246962547,0.023345312539488076,0.8828725478053093,0.0,1.917281188070774e-07
162,pglib_opf_case162_ieee_dtc,full,physics,4,model/controlled_ablation_20260922/iss_4090/case162/best_controlled_full_physics_pglib_opf_case162_ieee_dtc_10000epochs_seed4_20260923_012604.pth,-44.232326168060304,0.790609729886055,0.15446215957403184,0.8816888344287872,0.024040285900235176,0.8898702793717385,0.0,1.9941572099924088e-07
162,pglib_opf_case162_ieee_dtc,full,physics,5,model/controlled_ablation_20260922/iss_4090/case162/best_controlled_full_physics_pglib_opf_case162_ieee_dtc_10000epochs_seed5_20260923_013240.pth,-47.447801483154294,0.7677508940696717,0.19892092323303223,0.8832928641438484,0.03577659734711051,0.8931008528470993,0.0,1.9385479390621186e-07
162,pglib_opf_case162_ieee_dtc,full,objective,1,model/controlled_ablation_20260922/iss_4090/case162/best_controlled_full_objective_pglib_opf_case162_ieee_dtc_10000epochs_seed1_20260923_013912.pth,-81.39177591705322,0.7373117387890816,0.2046352210789919,20.801976795196534,0.11784553274512291,20.801976795196534,0.0,1.8639303743839264e-07
162,pglib_opf_case162_ieee_dtc,full,objective,2,model/controlled_ablation_20260922/iss_4090/case162/best_controlled_full_objective_pglib_opf_case162_ieee_dtc_10000epochs_seed2_20260923_014545.pth,-81.61299925994874,0.6393681656718254,0.20284740905463697,15.041000234603882,0.09336577386409044,15.041000234603882,0.0,1.8610013648867607e-07
162,pglib_opf_case162_ieee_dtc,full,objective,3,model/controlled_ablation_20260922/iss_4090/case162/best_controlled_full_objective_pglib_opf_case162_ieee_dtc_10000epochs_seed3_20260923_015216.pth,-81.421855758667,0.6530434911847115,0.20592142659425736,20.47659899711609,0.11612194335460663,20.47659899711609,0.0,2.8480216860771177e-07
162,pglib_opf_case162_ieee_dtc,full,objective,4,model/controlled_ablation_20260922/iss_4090/case162/best_controlled_full_objective_pglib_opf_case162_ieee_dtc_10000epochs_seed4_20260923_015854.pth,-81.32468845367431,0.6093795236945152,0.18882730373740197,20.856641717910765,0.09592558170109987,20.856641717910765,0.0,2.0664697512984277e-07
162,pglib_opf_case162_ieee_dtc,full,objective,5,model/controlled_ablation_20260922/iss_4090/case162/best_controlled_full_objective_pglib_opf_case162_ieee_dtc_10000epochs_seed5_20260923_020532.pth,-81.61138325500488,0.5766857229471206,0.20269035965204238,14.140112230300904,0.09297785744816064,14.140112230300904,0.0,2.1983077749609948e-07
300,pglib_opf_case300_ieee,none,nominal,1,model/controlled_ablation_20260922/iss_4090/case300/best_controlled_none_nominal_pglib_opf_case300_ieee_10000epochs_seed1_20260922_190527.pth,-388.92541491699217,1.1834711338281632,0.1420770262181759,59.2239772644043,0.7880423507690429,59.2239772644043,0.0,3.356160596013069e-07
300,pglib_opf_case300_ieee,none,nominal,2,model/controlled_ablation_20260922/iss_4090/case300/best_controlled_none_nominal_pglib_opf_case300_ieee_10000epochs_seed2_20260922_191306.pth,-454.3295954284668,1.0030108574032783,0.13692735370993614,55.52584273910522,0.8049973747730255,55.52584273910522,0.0,1.5282956883311272e-07
300,pglib_opf_case300_ieee,none,nominal,3,model/controlled_ablation_20260922/iss_4090/case300/best_controlled_none_nominal_pglib_opf_case300_ieee_10000epochs_seed3_20260922_192042.pth,-406.3121870117188,1.0677694393396377,0.14794897004961968,56.67908472442627,0.8229146884679794,56.67908472442627,0.0,1.212647184729576e-07
300,pglib_opf_case300_ieee,none,nominal,4,model/controlled_ablation_20260922/iss_4090/case300/best_controlled_none_nominal_pglib_opf_case300_ieee_10000epochs_seed4_20260922_192828.pth,-382.86255053710937,1.4168167035579682,0.14644219125807284,59.7343320236206,0.8015727580189705,59.7343320236206,0.0,1.215348020195961e-07
300,pglib_opf_case300_ieee,none,nominal,5,model/controlled_ablation_20260922/iss_4090/case300/best_controlled_none_nominal_pglib_opf_case300_ieee_10000epochs_seed5_20260922_193712.pth,-406.2304995727539,1.2838797709941865,0.15876494719088077,57.863603931427,0.7950183343291283,57.863603931427,0.0,1.336229033768177e-07
300,pglib_opf_case300_ieee,voltage,nominal,1,model/controlled_ablation_20260922/iss_4090/case300/best_controlled_voltage_nominal_pglib_opf_case300_ieee_10000epochs_seed1_20260922_194635.pth,-389.4963460083008,1.7783105101585388,0.13890984766185283,60.51423719787598,0.7500020201206208,60.51423719787598,0.0,3.3534225076437e-07
300,pglib_opf_case300_ieee,voltage,nominal,2,model/controlled_ablation_20260922/iss_4090/case300/best_controlled_voltage_nominal_pglib_opf_case300_ieee_10000epochs_seed2_20260922_195711.pth,-429.393108215332,1.3233416633605957,0.1424331465959549,63.557527297973635,0.7964376494884491,63.557527297973635,0.0,2.1733297035098076e-07
300,pglib_opf_case300_ieee,voltage,nominal,3,model/controlled_ablation_20260922/iss_4090/case300/best_controlled_voltage_nominal_pglib_opf_case300_ieee_10000epochs_seed3_20260922_200513.pth,-465.3078907470703,1.390636757016182,0.14421307793259622,62.94017260742187,0.8109350638985634,62.94017260742187,0.0,1.4876900240778922e-07
300,pglib_opf_case300_ieee,voltage,nominal,4,model/controlled_ablation_20260922/iss_4090/case300/best_controlled_voltage_nominal_pglib_opf_case300_ieee_10000epochs_seed4_20260922_201302.pth,-395.42278024291994,0.987464340209961,0.1396468852609396,61.53596292114258,0.7668503867983818,61.53596292114258,0.0,1.715170219540596e-07
300,pglib_opf_case300_ieee,voltage,nominal,5,model/controlled_ablation_20260922/iss_4090/case300/best_controlled_voltage_nominal_pglib_opf_case300_ieee_10000epochs_seed5_20260922_202040.pth,-439.62879434204103,1.024809492588043,0.1391540726572275,63.2453913269043,0.7310919718146324,63.2453913269043,0.0,1.525827683508396e-07
300,pglib_opf_case300_ieee,generation,nominal,1,model/controlled_ablation_20260922/iss_4090/case300/best_controlled_generation_nominal_pglib_opf_case300_ieee_10000epochs_seed1_20260922_202830.pth,53.79178260421753,1.0599610192775726,0.1438971992135048,27.948387619018554,0.06914617582410575,27.948387619018554,0.0,1.694289967417717e-07
300,pglib_opf_case300_ieee,generation,nominal,2,model/controlled_ablation_20260922/iss_4090/case300/best_controlled_generation_nominal_pglib_opf_case300_ieee_10000epochs_seed2_20260922_203606.pth,58.6215295791626,0.8962142250537872,0.141030236274004,29.64866335296631,0.07160798742622138,29.64866335296631,0.0,1.6857730224728584e-07
300,pglib_opf_case300_ieee,generation,nominal,3,model/controlled_ablation_20260922/iss_4090/case300/best_controlled_generation_nominal_pglib_opf_case300_ieee_10000epochs_seed3_20260922_204331.pth,55.44475086593628,0.9676654341220856,0.13489514677226544,29.58589697265625,0.06823260038346052,29.58589697265625,0.0,1.8031010404229165e-07
300,pglib_opf_case300_ieee,generation,nominal,4,model/controlled_ablation_20260922/iss_4090/case300/best_controlled_generation_nominal_pglib_opf_case300_ieee_10000epochs_seed4_20260922_205112.pth,54.594208568572995,1.2262895451188087,0.13997272455692292,26.745738174438475,0.06764431484043598,26.745738174438475,0.0,1.796348951756954e-07
300,pglib_opf_case300_ieee,generation,nominal,5,model/controlled_ablation_20260922/iss_4090/case300/best_controlled_generation_nominal_pglib_opf_case300_ieee_10000epochs_seed5_20260922_205849.pth,55.33425633239746,0.9260167019963265,0.13718516813218593,29.581982917785645,0.06680365731567145,29.581982917785645,0.0,1.6630813479423523e-07
300,pglib_opf_case300_ieee,full,nominal,1,model/controlled_ablation_20260922/iss_4090/case300/best_controlled_full_nominal_pglib_opf_case300_ieee_10000epochs_seed1_20260922_210638.pth,52.74016729736328,0.8881320229768753,0.13935871341824532,26.337665016174316,0.06368714852631092,26.337665016174316,0.0,2.7190567925572396e-07
300,pglib_opf_case300_ieee,full,nominal,2,model/controlled_ablation_20260922/iss_4090/case300/best_controlled_full_nominal_pglib_opf_case300_ieee_10000epochs_seed2_20260922_211416.pth,59.255025424957275,0.8982525637745857,0.13740416461229324,26.739309074401856,0.07107480853050947,26.739309074401856,0.0,2.0398804917931556e-07
300,pglib_opf_case300_ieee,full,nominal,3,model/controlled_ablation_20260922/iss_4090/case300/best_controlled_full_nominal_pglib_opf_case300_ieee_10000epochs_seed3_20260922_212148.pth,57.44785457992554,1.1126017208695411,0.13788836811482907,27.193084991455077,0.07032539678364992,27.193084991455077,0.0,2.555041573941708e-07
300,pglib_opf_case300_ieee,full,nominal,4,model/controlled_ablation_20260922/iss_4090/case300/best_controlled_full_nominal_pglib_opf_case300_ieee_10000epochs_seed4_20260922_212938.pth,54.433865467071534,1.0791190382242202,0.13936396975815296,25.3593833694458,0.06611502449959517,25.3593833694458,0.0,1.9385013729333879e-07
300,pglib_opf_case300_ieee,full,nominal,5,model/controlled_ablation_20260922/iss_4090/case300/best_controlled_full_nominal_pglib_opf_case300_ieee_10000epochs_seed5_20260922_213727.pth,54.090294128417966,0.9594422898888588,0.13529024982452392,25.98239971923828,0.06360171346366406,25.98239971923828,0.0,1.9515026360750198e-07
300,pglib_opf_case300_ieee,full,equal,1,model/controlled_ablation_20260922/iss_4090/case300/best_controlled_full_equal_pglib_opf_case300_ieee_10000epochs_seed1_20260922_190120.pth,-100.0,4.514457118749618,0.48622817116975786,0.883553681075573,0.020197470480576157,4.514457118749618,0.0,1.958981156349182e-07
300,pglib_opf_case300_ieee,full,equal,2,model/controlled_ablation_20260922/iss_4090/case300/best_controlled_full_equal_pglib_opf_case300_ieee_10000epochs_seed2_20260922_190925.pth,-100.0,4.491332446336746,0.4630208110809326,0.8821549425125123,0.011569265698082745,4.491332446336746,0.0,1.9327504560351372e-07
300,pglib_opf_case300_ieee,full,equal,3,model/controlled_ablation_20260922/iss_4090/case300/best_controlled_full_equal_pglib_opf_case300_ieee_10000epochs_seed3_20260922_191658.pth,-100.0,4.5296818346977235,0.45515551301836965,0.881177543759346,0.009390049798414112,4.5296818346977235,0.0,2.0223483443260193e-07
300,pglib_opf_case300_ieee,full,equal,4,model/controlled_ablation_20260922/iss_4090/case300/best_controlled_full_equal_pglib_opf_case300_ieee_10000epochs_seed4_20260922_192434.pth,-100.0,4.528290790557861,0.46673576945066453,0.8824994499087334,0.013224898342974484,4.528290790557861,0.0,1.9470881670713425e-07
300,pglib_opf_case300_ieee,full,equal,5,model/controlled_ablation_20260922/iss_4090/case300/best_controlled_full_equal_pglib_opf_case300_ieee_10000epochs_seed5_20260922_193236.pth,-100.0,4.512659065246582,0.4526206030845642,0.8823416829109192,0.009398503229022026,4.512659065246582,0.0,1.9695889204740525e-07
300,pglib_opf_case300_ieee,full,inequality,1,model/controlled_ablation_20260922/iss_4090/case300/best_controlled_full_inequality_pglib_opf_case300_ieee_10000epochs_seed1_20260922_194123.pth,-100.0,4.512259434461594,0.4537892765402794,0.4078795385658741,0.0017288010400952772,4.512259434461594,0.0,1.976420171558857e-07
300,pglib_opf_case300_ieee,full,inequality,2,model/controlled_ablation_20260922/iss_4090/case300/best_controlled_full_inequality_pglib_opf_case300_ieee_10000epochs_seed2_20260922_195123.pth,-100.0,4.579389744281769,0.46715756395459174,0.5728925074338913,0.0021133809133898466,4.579389744281769,0.0,1.8915999680757523e-07
300,pglib_opf_case300_ieee,full,inequality,3,model/controlled_ablation_20260922/iss_4090/case300/best_controlled_full_inequality_pglib_opf_case300_ieee_10000epochs_seed3_20260922_200050.pth,-100.0,4.533043574333191,0.46404748094081877,0.5096749061346054,0.0026224495351780206,4.533043574333191,0.0,3.965673968195915e-07
300,pglib_opf_case300_ieee,full,inequality,4,model/controlled_ablation_20260922/iss_4090/case300/best_controlled_full_inequality_pglib_opf_case300_ieee_10000epochs_seed4_20260922_200840.pth,-100.0,4.502680531978607,0.4757827981710434,0.5374744573831558,0.0028403864689171316,4.502680531978607,0.0,2.7666985988616944e-07
300,pglib_opf_case300_ieee,full,inequality,5,model/controlled_ablation_20260922/iss_4090/case300/best_controlled_full_inequality_pglib_opf_case300_ieee_10000epochs_seed5_20260922_201620.pth,-100.0,4.974556173324585,0.4709966298341751,0.5407454398274422,0.0024108989497181026,4.974556173324585,0.0,2.0027020946145058e-07
300,pglib_opf_case300_ieee,full,physics,1,model/controlled_ablation_20260922/iss_4090/case300/best_controlled_full_physics_pglib_opf_case300_ieee_10000epochs_seed1_20260922_202408.pth,72.31646626663208,1.0611679652929307,0.1967009513825178,0.8835679891705513,0.024497797649353743,1.074723344683647,0.0,1.8779374659061432e-07
300,pglib_opf_case300_ieee,full,physics,2,model/controlled_ablation_20260922/iss_4090/case300/best_controlled_full_physics_pglib_opf_case300_ieee_10000epochs_seed2_20260922_203147.pth,65.83093753814697,1.4500190151929855,0.15932947935163974,0.8835728167295456,0.015937352806329727,1.4500190151929855,0.0,1.877676695585251e-07
300,pglib_opf_case300_ieee,full,physics,3,model/controlled_ablation_20260922/iss_4090/case300/best_controlled_full_physics_pglib_opf_case300_ieee_10000epochs_seed3_20260922_203921.pth,61.47460735321045,0.9634261972904206,0.1538004240691662,0.8832273496389389,0.015250975455157459,0.9634261972904206,0.0,1.9047874957323075e-07
300,pglib_opf_case300_ieee,full,physics,4,model/controlled_ablation_20260922/iss_4090/case300/best_controlled_full_physics_pglib_opf_case300_ieee_10000epochs_seed4_20260922_204657.pth,59.61869317245483,1.353577680706978,0.15994098687171937,0.8834309974312782,0.015176933446899056,1.353577680706978,0.0,2.644951455295086e-07
300,pglib_opf_case300_ieee,full,physics,5,model/controlled_ablation_20260922/iss_4090/case300/best_controlled_full_physics_pglib_opf_case300_ieee_10000epochs_seed5_20260922_205432.pth,66.14949367904663,1.4051905790567398,0.15018610534071922,0.8833100793361663,0.014953506888821721,1.4051905790567398,0.0,2.0696502178907395e-07
300,pglib_opf_case300_ieee,full,objective,1,model/controlled_ablation_20260922/iss_4090/case300/best_controlled_full_objective_pglib_opf_case300_ieee_10000epochs_seed1_20260922_210204.pth,-85.36276879882813,2.2569068779945374,0.395018555521965,12.460868112564087,0.05400131114199758,12.460868112564087,0.0,1.982869580388069e-07
300,pglib_opf_case300_ieee,full,objective,2,model/controlled_ablation_20260922/iss_4090/case300/best_controlled_full_objective_pglib_opf_case300_ieee_10000epochs_seed2_20260922_210942.pth,-84.45894529724121,2.1028367104530337,0.36094146260619164,8.132087684631347,0.03067340087890625,8.132087684631347,0.0,1.9753584638237952e-07
300,pglib_opf_case300_ieee,full,objective,3,model/controlled_ablation_20260922/iss_4090/case300/best_controlled_full_objective_pglib_opf_case300_ieee_10000epochs_seed3_20260922_211731.pth,-83.61265510559082,2.0857625123262404,0.35695657059550284,8.97645782852173,0.028908353611826896,8.97645782852173,0.0,1.9055092707276344e-07
300,pglib_opf_case300_ieee,full,objective,4,model/controlled_ablation_20260922/iss_4090/case300/best_controlled_full_objective_pglib_opf_case300_ieee_10000epochs_seed4_20260922_212527.pth,-82.61767135620117,2.0872887656688692,0.35564706563949583,12.39313874053955,0.03377703650668264,12.39313874053955,0.0,2.6274193078279497e-07
300,pglib_opf_case300_ieee,full,objective,5,model/controlled_ablation_20260922/iss_4090/case300/best_controlled_full_objective_pglib_opf_case300_ieee_10000epochs_seed5_20260922_213308.pth,-84.790418800354,2.173783364057541,0.3532392701804638,11.582758487701415,0.028767186297103762,11.582758487701415,0.0,1.939842477440834e-07
