Instance,Success,Status,Objective,Solve_Time_s,Max_Eq_Violation,Max_Ineq_Violation,Total_Pd,Total_Qd
1,True,optimal,224328.37365962152,2.8319705999965663,2.3730332543436816e-07,1.1184678516684698e-08,236.38945971336216,77.27457434393
2,True,optimal,221359.8128368082,2.269021000000066,2.3727569598008813e-07,1.1197347937752511e-08,234.0158587344922,77.65832281461917
3,True,optimal,227850.505380829,2.4419037000043318,2.3721147002220277e-07,1.120494608208844e-08,236.36923556029797,77.45196194434538
4,True,optimal,220053.30094351037,2.161187699995935,2.3725776188143755e-07,1.1158813872924611e-08,234.76431893277913,77.78512511169538
5,True,optimal,222171.09160122924,2.4275622999994084,2.3737486642971817e-07,1.1186825465969719e-08,234.5562375029549,78.45450220198836
6,True,optimal,223130.20097721004,2.0184258999943268,2.3722132524994777e-07,1.1194247528933943e-08,235.4777229721658,77.64881463639904
7,True,optimal,224625.7957874706,1.9877743999968516,2.3730515863462642e-07,1.1199494887037531e-08,234.69149319361895,78.44142779207323
8,True,optimal,221864.81648566105,1.274161000001186,2.3719372421737717e-07,1.1187907711374123e-08,234.48999206721783,77.45977922750171
9,True,optimal,232546.12781152688,1.3841333000018494,2.3726249764877139e-07,1.1208121541983473e-08,236.6948126098141,78.26995256601367
10,True,optimal,227736.25537361062,1.3092255000010482,2.388440272227399e-07,1.1196663152190922e-08,233.8080410216935,78.1404801470926
11,True,optimal,218048.6333756207,1.3010961999971187,2.3714411767628008e-07,1.1155416368424653e-08,233.6002589771524,77.38335075217765
12,True,optimal,224344.8038226491,1.8133952999996836,2.3730163434265705e-07,1.1200977922953825e-08,234.90939819067717,78.084922546288
13,True,optimal,224857.59111875636,1.1891770000001998,2.372286260765577e-07,1.1186950699126896e-08,232.31382029363886,78.42848046275321
14,True,optimal,220270.9589452229,1.3775467999948887,2.3722639497236742e-07,1.111480241178242e-08,233.85346155893058,77.06455020140857
15,True,optimal,223721.507970914,1.3217536000011023,2.372045280196744e-07,1.1200289584678558e-08,235.27250752225518,77.46664678293746
16,True,optimal,235869.634114523,1.35114180000528,2.3726218500996765e-07,1.1219509987725473e-08,235.8849851586856,78.38500830880366
17,True,optimal,232520.32276239365,1.407956800001557,2.3718732578004165e-07,1.121811088466984e-08,235.08647898444906,77.92981031024829
18,True,optimal,228532.69053219262,1.5133528000005754,2.3728033582415264e-07,1.1192847759744495e-08,236.07796084182337,78.60399356181733
19,True,optimal,226007.06894484896,1.262919700006023,2.372478498102737e-07,1.1137971878127928e-08,235.95754206972197,78.42217941163108
20,True,optimal,218843.78056216263,1.2914896000002045,2.3721968389622816e-07,1.1193533211439899e-08,234.7762419525534,77.57317188975867
21,True,optimal,228305.65372945502,1.4524472999983118,2.3769063872691731e-07,1.1195124161034187e-08,238.1911123096943,77.85903882258572
22,True,optimal,227278.526188052,1.2504792000036105,2.3724710374040114e-07,1.1198730387462774e-08,238.3746957629919,77.95870029658545
23,True,optimal,226997.1226705015,1.224827500001993,2.3722944320070383e-07,1.1184298598365672e-08,234.9159351508133,77.4592405015137
24,True,optimal,227826.94628974248,1.3093507000012323,2.3729444009745748e-07,1.119729242660128e-08,235.8833313183859,78.71998775249813
25,True,optimal,227525.31335251566,1.2805088999957661,2.37276239545281e-07,1.1196114924061362e-08,237.61658432567492,77.89781967084855
26,True,optimal,218027.28327476355,1.156766100000823,2.3713837649097513e-07,1.1185965487214844e-08,232.14353392086923,78.47834946704097
27,True,optimal,225125.4120957189,1.2697131999957492,2.3722541442339207e-07,1.119262837967483e-08,235.7808563131839,76.88172236515675
28,True,optimal,219875.8984104016,1.248383800004376,2.373215188811173e-07,1.1133844290966977e-08,236.38475720817223,77.71319869766012
29,True,optimal,221647.51229818547,1.1889750000045751,2.3730086695650243e-07,1.118492520824077e-08,234.02582732168958,79.3597771236673
30,True,optimal,221814.83889977713,1.2994356000053813,2.3728546594270483e-07,1.119585646414123e-08,235.25193057628348,77.2383101338055
31,True,optimal,224199.45671627246,1.1366341000029934,2.372944720718806e-07,1.1153685974818472e-08,235.4482580651529,78.35386728669982
32,True,optimal,230513.85869192163,1.384258400001272,2.3723379882767404e-07,1.1196394256174358e-08,235.04167726356536,77.57438828994054
33,True,optimal,226641.08716067774,1.2146729999949457,2.372540670592116e-07,1.119409098748747e-08,236.26247505936772,77.35556606948376
34,True,optimal,217721.00859162354,1.2298469000015757,2.3721485931105235e-07,1.119526271686766e-08,232.81612487928942,77.86633260920644
35,True,optimal,222372.30404330796,1.9724949000010383,2.372705409925402e-07,1.1119346332577607e-08,236.2561810524203,77.40136526559945
36,True,optimal,231491.13975097224,1.5084382999993977,2.3733402798598036e-07,1.1188664439387708e-08,237.2128582969308,77.17757511127274
37,True,optimal,227183.53452739064,1.406979899998987,2.3724018660686852e-07,1.1212938133553507e-08,236.97348353313282,77.58276485977694
38,True,optimal,221126.07473782598,1.4307263000009698,2.3722806119508277e-07,1.1199965399555367e-08,234.12293640570715,78.37736188620329
39,True,optimal,222661.43239704164,1.5109115000013844,2.3721816688748731e-07,1.1172445635310169e-08,236.7279191929847,77.43279726046603
40,True,optimal,223683.54455055128,2.1987937000012607,2.3722545350324253e-07,1.1184116521789633e-08,236.12237147754058,78.607485658722
41,True,optimal,223184.23862512116,1.615478300001996,2.3711820773542058e-07,1.1190973925323533e-08,235.86864717816934,77.0061606989475
42,True,optimal,218791.61805963484,2.031691399999545,2.372401581851591e-07,1.118537196198588e-08,234.04481304297224,77.67905354814138
43,True,optimal,218384.80598435854,1.220872199999576,2.3730066800453642e-07,1.1190518733883437e-08,233.6373061677441,77.9087862111628
44,True,optimal,217589.80180860858,1.2456542999934754,2.372306546760683e-07,1.1080351081105277e-08,234.5644272491336,77.0898362020962
45,True,optimal,227203.76466065928,1.1773538999987068,2.3722803632608702e-07,1.1209461803218801e-08,236.0300699020736,78.13004555902444
46,True,optimal,218435.60125568495,1.3009269000031054,2.3718893515933814e-07,1.1162486934779281e-08,234.10196865629405,77.53978460025974
47,True,optimal,225509.2611730586,1.2628404999995837,2.3724917852518956e-07,1.1198529881184527e-08,236.632192179095,77.87391881784424
48,True,optimal,217318.70094812356,1.126547899999423,2.3715649533073702e-07,1.119101344926321e-08,233.5871908706613,77.7545235393336
49,True,optimal,221106.29131392163,1.2646106999964104,2.3720586028730395e-07,1.1139902111878541e-08,234.3551903795451,77.79362792114262
50,True,optimal,218078.99910902506,1.2133372000025702,2.3716489039316002e-07,1.1189861481852859e-08,233.3588190432638,77.6961473954143
51,True,optimal,231088.1552728676,1.174617999997281,2.372159890740022e-07,1.117580183951361e-08,235.2699300465174,77.87355748191476
52,True,optimal,219000.0466758714,1.218229500002053,2.3714164498755963e-07,1.1190637527747072e-08,234.17937534069642,77.61730732675642
53,True,optimal,224575.49943655412,1.2378453999990597,2.3714892805060117e-07,1.1192846427476866e-08,236.2433704994619,77.97390661202371
54,True,optimal,221483.25181838233,1.1857835999981035,2.3719837116686904e-07,1.1177010206253613e-08,234.72000594530255,78.28141870338004
55,True,optimal,224196.62261570033,2.39974539999821,2.3721348085814498e-07,1.1188627802027895e-08,235.3501517730765,77.80346057168208
56,True,optimal,225650.15581976756,2.324941699996998,2.3723947961684644e-07,1.119120729420331e-08,234.51720233587548,78.34368537017144
57,True,optimal,226208.58540525514,2.2354286999980104,2.371467928696802e-07,1.1184084769411129e-08,234.17080766754225,77.24068507167976
58,True,optimal,222811.73264752628,2.0371874000047683,2.3730360965146247e-07,1.1188745929757715e-08,235.44061552314088,77.62074199889321
59,True,optimal,217992.0065749493,2.0667448000021977,2.3714809316288665e-07,1.1188055815125608e-08,234.30005481978878,77.79200530343223
60,True,optimal,219892.3291315017,2.4001438000050257,2.3729162634822387e-07,1.1192829330042287e-08,234.39343186374754,77.93261557479855
61,True,optimal,215149.38500077897,2.362723999998707,2.371019149904896e-07,1.1138029165635999e-08,234.87973850267008,77.99038366565946
62,True,optimal,218404.1878868943,2.3001445999980206,2.37264824676231e-07,1.1190902649005352e-08,234.35253548342735,76.9552783294348
63,True,optimal,226068.1546225481,2.363743900001282,2.372617089463347e-07,1.1193676430210076e-08,235.2750949379988,77.98307827999815
64,True,optimal,230506.50894772765,2.479563599998073,2.3719914565845102e-07,1.1212929917903125e-08,236.0919887572527,78.28962545969989
65,True,optimal,229176.68374647017,2.5433046000034665,2.372643734815938e-07,1.1182584191971046e-08,236.3739764150232,77.50458536262158
66,True,optimal,219298.35245713493,2.274754199999734,2.372476295420256e-07,1.1114605236173247e-08,235.60760059580207,77.71361250965856
67,True,optimal,224765.95710849177,1.8813470999957644,2.372105285530779e-07,1.1193211468807363e-08,236.93280107621104,77.11699387326371
68,True,optimal,228721.98363150362,2.4165512999970815,2.3729731424282363e-07,1.1193687976529532e-08,237.55128794210032,77.6902124050539
69,True,optimal,225940.12523981748,2.2743707000045106,2.373167085067962e-07,1.1188008297580154e-08,234.05750746745616,78.34811510832515
70,True,optimal,223283.39223926238,2.2158711000010953,2.3722791553382194e-07,1.1182611947546661e-08,234.80191685119644,78.51059925113805
71,True,optimal,220177.04133419873,2.2867375999994692,2.3724978248651496e-07,1.1195232296756785e-08,234.13455323688686,77.0120162613457
72,True,optimal,226942.7207651025,2.3563301999965915,2.373043592740487e-07,1.1208786565575224e-08,236.0623140251264,77.3771019205451
73,True,optimal,219382.39711056027,2.2023176000002422,2.3723988107349214e-07,1.1120625753591185e-08,234.74068068666384,77.47394741210155
74,True,optimal,224474.89446713697,2.249014000000898,2.3735895382515082e-07,1.1192679005844752e-08,233.36097336607054,77.73303891404066
75,True,optimal,230188.5114837032,2.3830804000026546,2.3736552279274292e-07,1.1201182648079566e-08,235.16024006716907,78.18003902584314
76,True,optimal,221377.39346992283,2.346376200002851,2.3720788533410087e-07,1.1197297311582588e-08,235.233993511647,77.7230876776157
77,True,optimal,232824.5948161323,2.443979899995611,2.3725558762066612e-07,1.1217796025420057e-08,234.17168095195666,78.00449373491574
78,True,optimal,219936.3213245368,2.3418551000067964,2.3725848663502802e-07,1.119070103250408e-08,233.2273102919571,76.91269040701445
79,True,optimal,220937.00155389935,2.2154859000002034,2.3720143005334648e-07,1.1202224925455084e-08,234.86648504342884,77.71879881422501
80,True,optimal,226363.53714713853,2.320232700003544,2.3730281384359841e-07,1.1188157955643874e-08,236.22698675794527,77.04920617339667
81,True,optimal,220614.4035665464,2.0513412000000244,2.3725294795440277e-07,1.1109719588731082e-08,233.42281229421496,77.47494286671281
82,True,optimal,225695.08791619987,2.2702671000006376,2.3730859410875382e-07,1.1194595694874465e-08,232.72920781513676,77.79415909969248
83,True,optimal,223339.83588678503,2.3166314999980386,2.3732779652618774e-07,1.1201395810900294e-08,232.85184704326093,77.8003573527094
84,True,optimal,222172.42187699338,2.316154000000097,2.3723504938288897e-07,1.1192667015436086e-08,236.51679405523464,77.32878321106546
85,True,optimal,225643.1715958329,2.248309499998868,2.372471428202516e-07,1.1187000659163004e-08,235.00886446610093,78.01975083816797
86,True,optimal,223575.9676338127,2.280871599999955,2.371990319716133e-07,1.1178196368533122e-08,236.82800629688427,78.45206603815313
87,True,optimal,230369.36363330585,2.315594899999269,2.3721747766103363e-07,1.1189734250294237e-08,236.50949079496786,78.05690215795767
88,True,optimal,224272.9137283544,2.2514431000017794,2.3726082787334235e-07,1.1196683136205365e-08,234.69915272388607,78.46477483713534
89,True,optimal,223080.75704037774,2.2787123000016436,2.3727102060888683e-07,1.1165033342308561e-08,234.3517280621454,77.71353458042722
90,True,optimal,222688.39087678023,2.1190325999996276,2.3718861541510705e-07,1.1203961980399413e-08,234.87450985237956,77.82779157499317
91,True,optimal,227318.20883930303,2.2215909999940777,2.372694503094408e-07,1.1193860283142953e-08,235.34973209025338,77.66683252621442
92,True,optimal,228985.91808522277,2.2504122000027564,2.3769753809688154e-07,1.1115123932370352e-08,237.7235103994608,78.362936074147
93,True,optimal,224241.03559816125,2.073340399998415,2.3721253583630642e-07,1.118852344106358e-08,235.60966781247407,77.775620381115
94,True,optimal,218972.5662064139,2.3659841000044253,2.3726546771740686e-07,1.1135373956250305e-08,233.98038864554837,78.18068654264789
95,True,optimal,220630.39345329828,1.269117499999993,2.3724249942347342e-07,1.1116457532267532e-08,233.84450543206185,77.98171775788069
96,True,optimal,224906.917318445,1.2392121000011684,2.3727205089585368e-07,1.1222286877554666e-08,235.77447702595964,78.67109425493982
97,True,optimal,219633.76170987875,1.1872847999984515,2.3710958174660846e-07,1.1122030185717335e-08,234.2985551506281,77.92094914196059
98,True,optimal,228532.88982195625,1.312471799996274,2.3723817577092632e-07,1.1190834703356245e-08,235.6473695235327,77.57682814984582
99,True,optimal,218740.02807353088,1.1729173999992781,2.372032561481774e-07,1.118717718462392e-08,235.12607387127355,77.7710813897429
100,True,optimal,217979.76689093927,1.4169603000045754,2.371468781348085e-07,1.1193534321662924e-08,233.04586414108053,77.58870688150637
