Architecture,Run,Instance_ID,Raw_Obj_Gap_pct,Raw_Max_Eq,Raw_Mean_Eq,Raw_Max_Ineq,Raw_Mean_Ineq,NN_Time_s,Restoration_Success,Restoration_Status,Restoration_Time_s,Total_Online_Time_s,Restoration_Distance,Restored_Cost,IPOPT_Cost,Restored_Obj_Gap_pct,Restored_Max_Eq,Restored_Mean_Eq,Restored_Max_Ineq,Restored_Mean_Ineq
PINN Baseline,1,0,4.835160255432129,1.5589232444763184,0.12442217767238617,0.12138491868972778,0.006144546438008547,0.00376445000001695,False,infeasible,0.20910840000215103,0.212872850002168,,,2157.823486328125,,,,,
PINN Baseline,1,1,-2.2542803287506104,1.4815887212753296,0.11750365793704987,0.14852118492126465,0.010116638615727425,0.00376445000001695,False,infeasible,0.11686069999996107,0.12062514999997802,,,2202.7431640625,,,,,
PINN Baseline,1,2,-3.537907600402832,1.4847980737686157,0.11795034259557724,0.14694255590438843,0.010096043348312378,0.00376445000001695,False,infeasible,0.1337961000026553,0.13756055000267225,,,2237.24365234375,,,,,
PINN Baseline,1,3,3.430114269256592,1.5350598096847534,0.12282318621873856,0.12726420164108276,0.007799748331308365,0.00376445000001695,False,infeasible,0.11407659999895259,0.11784104999896954,,,2156.857177734375,,,,,
PINN Baseline,1,4,1.9879506826400757,1.5256242752075195,0.12292563170194626,0.12673234939575195,0.007461606990545988,0.00376445000001695,False,infeasible,0.1179286000005959,0.12169305000061285,,,2173.237060546875,,,,,
PINN Baseline,1,5,-1.6374154090881348,1.431037425994873,0.11388853937387466,0.1699279546737671,0.012978848069906235,0.00376445000001695,False,infeasible,0.13513480000256095,0.1388992500025779,,,2116.685546875,,,,,
PINN Baseline,1,6,1.0690702199935913,1.5380266904830933,0.12280454486608505,0.12103378772735596,0.006904713809490204,0.00376445000001695,False,infeasible,0.13204269999914686,0.13580714999916382,,,2211.462646484375,,,,,
PINN Baseline,1,7,-0.25006505846977234,1.4770721197128296,0.11718206852674484,0.15035587549209595,0.010489139705896378,0.00376445000001695,False,infeasible,0.11928990000160411,0.12305435000162106,,,2154.029296875,,,,,
PINN Baseline,1,8,0.7734341025352478,1.4996864795684814,0.11923343688249588,0.13902580738067627,0.008924940600991249,0.00376445000001695,False,infeasible,0.12485559999913676,0.12862004999915372,,,2162.856689453125,,,,,
PINN Baseline,1,9,5.279155731201172,1.5081470012664795,0.12086959928274155,0.1347373127937317,0.008321506902575493,0.00376445000001695,False,infeasible,0.12470269999903394,0.1284671499990509,,,2082.473388671875,,,,,
PINN Baseline,2,0,36.59387969970703,1.1038559675216675,0.12894408404827118,0.418565034866333,0.03892820328474045,0.00018564000019978267,False,infeasible,0.11592859999655047,0.11611423999675026,,,2157.823486328125,,,,,
PINN Baseline,2,1,33.36726379394531,1.0922406911849976,0.12285733222961426,0.4290170669555664,0.04036179557442665,0.00018564000019978267,False,infeasible,0.13801199999943492,0.1381976399996347,,,2202.7431640625,,,,,
PINN Baseline,2,2,31.260271072387695,1.0923213958740234,0.12430600821971893,0.4298170506954193,0.040495194494724274,0.00018564000019978267,False,infeasible,0.10454349999781698,0.10472913999801677,,,2237.24365234375,,,,,
PINN Baseline,2,3,36.31008529663086,1.094806432723999,0.12668956816196442,0.42587363719940186,0.039997123181819916,0.00018564000019978267,False,infeasible,0.136647899998934,0.13683353999913378,,,2156.857177734375,,,,,
PINN Baseline,2,4,35.48272705078125,1.099306344985962,0.12723615765571594,0.42164888978004456,0.039370812475681305,0.00018564000019978267,False,infeasible,0.11598659999799565,0.11617223999819544,,,2173.237060546875,,,,,
PINN Baseline,2,5,38.673744201660156,1.0882657766342163,0.12322133779525757,0.433628648519516,0.040809422731399536,0.00018564000019978267,False,infeasible,0.11893129999953089,0.11911693999973068,,,2116.685546875,,,,,
PINN Baseline,2,6,32.94137191772461,1.097894549369812,0.12633249163627625,0.4241688847541809,0.03990630432963371,0.00018564000019978267,False,infeasible,0.11877230000027339,0.11895794000047318,,,2211.462646484375,,,,,
PINN Baseline,2,7,36.42116165161133,1.0928832292556763,0.12473022937774658,0.4291865825653076,0.04028630256652832,0.00018564000019978267,False,infeasible,0.13711630000034347,0.13730194000054324,,,2154.029296875,,,,,
PINN Baseline,2,8,35.930973052978516,1.0948634147644043,0.12461365759372711,0.42656588554382324,0.040015026926994324,0.00018564000019978267,False,infeasible,0.15496659999917028,0.15515223999937006,,,2162.856689453125,,,,,
PINN Baseline,2,9,41.218753814697266,1.0981303453445435,0.1262984722852707,0.42495957016944885,0.03984124958515167,0.00018564000019978267,False,infeasible,0.1167596000013873,0.11694524000158708,,,2082.473388671875,,,,,
PINN Baseline,3,0,34.29100036621094,1.134677767753601,0.11751266568899155,0.43209123611450195,0.04066109657287598,0.00013375999988056718,False,infeasible,0.13633429999754298,0.13646805999742356,,,2157.823486328125,,,,,
PINN Baseline,3,1,31.072771072387695,1.1127121448516846,0.11337784677743912,0.4327225685119629,0.04123120382428169,0.00013375999988056718,False,infeasible,0.12078089999704389,0.12091465999692445,,,2202.7431640625,,,,,
PINN Baseline,3,2,28.941360473632812,1.1087478399276733,0.11294833570718765,0.43376588821411133,0.04144270345568657,0.00013375999988056718,False,infeasible,0.09880789999806439,0.09894165999794495,,,2237.24365234375,,,,,
PINN Baseline,3,3,33.98609161376953,1.1207008361816406,0.11568399518728256,0.4303261339664459,0.04092545434832573,0.00013375999988056718,False,infeasible,0.10197609999886481,0.10210985999874538,,,2156.857177734375,,,,,
PINN Baseline,3,4,33.162574768066406,1.126314640045166,0.11804497987031937,0.43225133419036865,0.040877074003219604,0.00013375999988056718,False,infeasible,0.12017790000027162,0.12031166000015218,,,2173.237060546875,,,,,
PINN Baseline,3,5,36.2578125,1.105591058731079,0.11308443546295166,0.43983423709869385,0.0419762060046196,0.00013375999988056718,False,infeasible,0.1252137000010407,0.12534746000092128,,,2116.685546875,,,,,
PINN Baseline,3,6,30.608686447143555,1.1163946390151978,0.11684637516736984,0.4281345009803772,0.04079011082649231,0.00013375999988056718,False,infeasible,0.11479599999802304,0.1149297599979036,,,2211.462646484375,,,,,
PINN Baseline,3,7,34.07012176513672,1.1146974563598633,0.11252105236053467,0.4358455538749695,0.04146445542573929,0.00013375999988056718,False,infeasible,0.1292710999987321,0.12940485999861268,,,2154.029296875,,,,,
PINN Baseline,3,8,33.57473373413086,1.115693211555481,0.11371256411075592,0.433267205953598,0.04117753356695175,0.00013375999988056718,False,infeasible,0.12310020000222721,0.12323396000210778,,,2162.856689453125,,,,,
PINN Baseline,3,9,38.677467346191406,1.1141924858093262,0.11417818069458008,0.435046523809433,0.04139005392789841,0.00013375999988056718,False,infeasible,0.10394029999952181,0.10407405999940238,,,2082.473388671875,,,,,
PINN Baseline,4,0,-18.802396774291992,0.7067525386810303,0.12455487251281738,0.7035520672798157,0.06978637725114822,0.0002243099999759579,False,infeasible,0.15723200000138604,0.157456310001362,,,2157.823486328125,,,,,
PINN Baseline,4,1,-20.21003532409668,0.6915297508239746,0.11548145860433578,0.7120479941368103,0.0710257738828659,0.0002243099999759579,False,infeasible,0.1332073000012315,0.13343161000120746,,,2202.7431640625,,,,,
PINN Baseline,4,2,-21.407207489013672,0.6894074082374573,0.11594444513320923,0.7133873105049133,0.07121853530406952,0.0002243099999759579,False,infeasible,0.1247813000009046,0.12500561000088056,,,2237.24365234375,,,,,
PINN Baseline,4,3,-18.64011001586914,0.6989884972572327,0.12217483669519424,0.7079818248748779,0.07043592631816864,0.0002243099999759579,False,infeasible,0.1359621999981755,0.13618650999815146,,,2156.857177734375,,,,,
PINN Baseline,4,4,-19.271697998046875,0.7000722289085388,0.12240637838840485,0.7068799734115601,0.07026085257530212,0.0002243099999759579,False,infeasible,0.1342530000001716,0.13447731000014757,,,2173.237060546875,,,,,
PINN Baseline,4,5,-16.79619789123535,0.6805673837661743,0.11194002628326416,0.7178255319595337,0.07185615599155426,0.0002243099999759579,False,infeasible,0.11697939999794471,0.11720370999792067,,,2116.685546875,,,,,
PINN Baseline,4,6,-20.656909942626953,0.7002143859863281,0.12276976555585861,0.7074629068374634,0.07036961615085602,0.0002243099999759579,False,infeasible,0.139825700000074,0.14005001000004996,,,2211.462646484375,,,,,
PINN Baseline,4,7,-18.372262954711914,0.6898903846740723,0.11482834070920944,0.7134442329406738,0.07122132182121277,0.0002243099999759579,False,infeasible,0.14339769999787677,0.14362200999785274,,,2154.029296875,,,,,
PINN Baseline,4,8,-18.748939514160156,0.6926344037055969,0.11662169545888901,0.7116212844848633,0.07095909863710403,0.0002243099999759579,False,infeasible,0.14845449999847915,0.14867880999845512,,,2162.856689453125,,,,,
PINN Baseline,4,9,-15.659391403198242,0.6952999830245972,0.1191132441163063,0.7102649807929993,0.07076641172170639,0.0002243099999759579,False,infeasible,0.14267009999821312,0.1428944099981891,,,2082.473388671875,,,,,
PINN Baseline,5,0,10.63864803314209,0.09507399052381516,0.046240661293268204,0.06625580787658691,0.0011579976417124271,0.00017713000015646686,False,infeasible,0.10497030000260565,0.10514743000276212,,,2157.823486328125,,,,,
PINN Baseline,5,1,6.2007975578308105,0.08815588802099228,0.04259658232331276,0.05700868368148804,0.001022513024508953,0.00017713000015646686,False,infeasible,0.09177409999756492,0.09195122999772139,,,2202.7431640625,,,,,
PINN Baseline,5,2,4.467658042907715,0.0895489752292633,0.042878299951553345,0.0537380576133728,0.0009652324952185154,0.00017713000015646686,False,infeasible,0.09456240000145044,0.09473953000160691,,,2237.24365234375,,,,,
PINN Baseline,5,3,9.933740615844727,0.09375229477882385,0.04516950622200966,0.058768272399902344,0.001043892465531826,0.00017713000015646686,False,infeasible,0.09038909999799216,0.09056622999814863,,,2156.857177734375,,,,,
PINN Baseline,5,4,8.658025741577148,0.09436200559139252,0.045634303241968155,0.06090080738067627,0.001086574513465166,0.00017713000015646686,False,infeasible,0.11381769999934477,0.11399482999950124,,,2173.237060546875,,,,,
PINN Baseline,5,5,9.4163236618042,0.08196005970239639,0.039284586906433105,0.05151259899139404,0.0009287744760513306,0.00017713000015646686,False,infeasible,0.12206239999795798,0.12223952999811445,,,2116.685546875,,,,,
PINN Baseline,5,6,6.787985801696777,0.10147003829479218,0.047052621841430664,0.061117589473724365,0.001090234611183405,0.00017713000015646686,False,infeasible,0.11343510000006063,0.1136122300002171,,,2211.462646484375,,,,,
PINN Baseline,5,7,8.839923858642578,0.08670134842395782,0.041474319994449615,0.0565914511680603,0.0010122265666723251,0.00017713000015646686,False,infeasible,0.11569330000202172,0.11587043000217818,,,2154.029296875,,,,,
PINN Baseline,5,8,8.570378303527832,0.08849284052848816,0.0429360568523407,0.05789995193481445,0.0010346653871238232,0.00017713000015646686,False,infeasible,0.13014340000154334,0.1303205300016998,,,2162.856689453125,,,,,
PINN Baseline,5,9,12.896334648132324,0.09234838932752609,0.04444503411650658,0.059051454067230225,0.0010516578331589699,0.00017713000015646686,False,infeasible,0.10781130000032135,0.10798843000047782,,,2082.473388671875,,,,,
DC3,1,0,-38.07969665527344,0.990291178226471,0.12711121141910553,0.06978243589401245,0.0038189967162907124,0.0001552000001538545,False,infeasible,0.12530369999876712,0.12545889999892096,,,2157.823486328125,,,,,
DC3,1,1,-39.59527587890625,0.9822463393211365,0.12250121682882309,0.07464081048965454,0.004377910867333412,0.0001552000001538545,False,infeasible,0.1131822999996075,0.11333749999976135,,,2202.7431640625,,,,,
DC3,1,2,-40.57027816772461,0.9819120168685913,0.12242411077022552,0.0751652717590332,0.004451368469744921,0.0001552000001538545,False,infeasible,0.12429790000169305,0.12445310000184691,,,2237.24365234375,,,,,
DC3,1,3,-38.24502944946289,0.9841705560684204,0.12577857077121735,0.07237470149993896,0.004183842334896326,0.0001552000001538545,False,infeasible,0.1173689999995986,0.11752419999975246,,,2156.857177734375,,,,,
DC3,1,4,-38.60066223144531,0.9872989058494568,0.12797880172729492,0.07183533906936646,0.004047849215567112,0.0001552000001538545,False,infeasible,0.12552920000234735,0.1256844000025012,,,2173.237060546875,,,,,
DC3,1,5,-37.143409729003906,0.9835450053215027,0.12075851857662201,0.07877606153488159,0.004630682524293661,0.0001552000001538545,False,infeasible,0.13747890000013285,0.1376341000002867,,,2116.685546875,,,,,
DC3,1,6,-39.848350524902344,0.9815362691879272,0.12658998370170593,0.07058966159820557,0.004115245770663023,0.0001552000001538545,False,infeasible,0.1380520000020624,0.13820720000221626,,,2211.462646484375,,,,,
DC3,1,7,-38.178043365478516,0.9841681122779846,0.12218872457742691,0.07627761363983154,0.004414419177919626,0.0001552000001538545,False,infeasible,0.12978149999980815,0.129936699999962,,,2154.029296875,,,,,
DC3,1,8,-38.41850662231445,0.9832857847213745,0.12370472401380539,0.0738835334777832,0.004223603755235672,0.0001552000001538545,False,infeasible,0.1268856999995478,0.12704089999970164,,,2162.856689453125,,,,,
DC3,1,9,-36.03248596191406,0.9850720763206482,0.12524183094501495,0.07527720928192139,0.004353356547653675,0.0001552000001538545,False,infeasible,0.12884409999969648,0.12899929999985033,,,2082.473388671875,,,,,
DC3,2,0,-31.681461334228516,1.0494776964187622,0.11782331019639969,0.02931910753250122,0.00035735080018639565,0.0001169099999970058,False,infeasible,0.12615679999726126,0.12627370999725826,,,2157.823486328125,,,,,
DC3,2,1,-33.71974563598633,1.036644458770752,0.11170066148042679,0.01837402582168579,0.00014354707673192024,0.0001169099999970058,False,infeasible,0.10213199999998324,0.10224890999998024,,,2202.7431640625,,,,,
DC3,2,2,-34.6287841796875,1.0367896556854248,0.11170166730880737,0.0169217586517334,0.00013220123946666718,0.0001169099999970058,False,infeasible,0.1204092000007222,0.1205261100007192,,,2237.24365234375,,,,,
DC3,2,3,-32.1795768737793,1.039909839630127,0.11597155034542084,0.02069610357284546,0.00016168830916285515,0.0001169099999970058,False,infeasible,0.10918149999997695,0.10929840999997395,,,2156.857177734375,,,,,
DC3,2,4,-32.59541702270508,1.0427526235580444,0.11656905710697174,0.024656176567077637,0.00019877171143889427,0.0001169099999970058,False,infeasible,0.11083100000178092,0.11094791000177792,,,2173.237060546875,,,,,
DC3,2,5,-30.86180305480957,1.037160873413086,0.10853886604309082,0.01701807975769043,0.00013295374810695648,0.0001169099999970058,False,infeasible,0.11972189999869443,0.11983880999869143,,,2116.685546875,,,,,
DC3,2,6,-33.9290657043457,1.0384010076522827,0.11603888124227524,0.01809680461883545,0.00014138128608465195,0.0001169099999970058,False,infeasible,0.11567490000015823,0.11579181000015523,,,2211.462646484375,,,,,
DC3,2,7,-32.010032653808594,1.040041208267212,0.11134053766727448,0.020873427391052246,0.00016307365149259567,0.0001169099999970058,False,infeasible,0.11196299999937764,0.11207990999937464,,,2154.029296875,,,,,
DC3,2,8,-32.367313385009766,1.0380059480667114,0.11312279850244522,0.019452691078186035,0.0001519741490483284,0.0001169099999970058,False,infeasible,0.11340159999963362,0.11351850999963062,,,2162.856689453125,,,,,
DC3,2,9,-29.76639175415039,1.0388963222503662,0.11496709287166595,0.022085368633270264,0.00017254194244742393,0.0001169099999970058,False,infeasible,0.13315720000173314,0.13327411000173014,,,2082.473388671875,,,,,
DC3,3,0,-30.885160446166992,1.057763695716858,0.11739643663167953,0.015641510486602783,0.00012219930067658424,0.00016928999975789337,False,infeasible,0.134540900002321,0.1347101900020789,,,2157.823486328125,,,,,
DC3,3,1,-32.79219055175781,1.048145055770874,0.11048563569784164,0.012571871280670166,9.821774438023567e-05,0.00016928999975789337,False,infeasible,0.10924330000125337,0.10941259000101126,,,2202.7431640625,,,,,
DC3,3,2,-33.81039810180664,1.04855215549469,0.1106867790222168,0.011763155460357666,9.189965203404427e-05,0.00016928999975789337,False,infeasible,0.12759079999887035,0.12776008999862826,,,2237.24365234375,,,,,
DC3,3,3,-31.218162536621094,1.0531551837921143,0.11551494151353836,0.013676583766937256,0.00010684831067919731,0.00016928999975789337,False,infeasible,0.12764980000065407,0.12781909000041197,,,2156.857177734375,,,,,
DC3,3,4,-31.757360458374023,1.051776647567749,0.11595892906188965,0.015436232089996338,0.00012059556320309639,0.00016928999975789337,False,infeasible,0.12882470000113244,0.12899399000089035,,,2173.237060546875,,,,,
DC3,3,5,-29.98391342163086,1.0431197881698608,0.10736311227083206,0.004853248596191406,3.791600465774536e-05,0.00016928999975789337,False,infeasible,0.12790079999831505,0.12807008999807296,,,2116.685546875,,,,,
DC3,3,6,-33.10097122192383,1.0535438060760498,0.1159827709197998,0.014289915561676025,0.00011163996532559395,0.00016928999975789337,False,infeasible,0.11629199999879347,0.11646128999855136,,,2211.462646484375,,,,,
DC3,3,7,-31.10691261291504,1.0494087934494019,0.1104702576994896,0.012809693813323975,0.00010007573291659355,0.00016928999975789337,False,infeasible,0.12517319999824394,0.12534248999800185,,,2154.029296875,,,,,
DC3,3,8,-31.43153190612793,1.048930048942566,0.11230223625898361,0.010751903057098389,8.399924263358116e-05,0.00016928999975789337,False,infeasible,0.12006380000093486,0.12023309000069275,,,2162.856689453125,,,,,
DC3,3,9,-28.758913040161133,1.0514870882034302,0.11397266387939453,0.012489020824432373,9.757047519087791e-05,0.00016928999975789337,False,infeasible,0.1267033000003721,0.12687259000013001,,,2082.473388671875,,,,,
DC3,4,0,-31.214262008666992,1.0590025186538696,0.11934781074523926,0.03212440013885498,0.0009550978429615498,0.00012370999975246376,False,infeasible,0.1334184000006644,0.13354211000041688,,,2157.823486328125,,,,,
DC3,4,1,-34.19072723388672,1.0291481018066406,0.1124839335680008,0.01918160915374756,0.0004429742693901062,0.00012370999975246376,False,infeasible,0.10692999999810127,0.10705370999785373,,,2202.7431640625,,,,,
DC3,4,2,-35.372982025146484,1.0273337364196777,0.11253008991479874,0.017661571502685547,0.00036120926961302757,0.00012370999975246376,False,infeasible,0.12529129999893485,0.12541500999868732,,,2237.24365234375,,,,,
DC3,4,3,-32.40334701538086,1.0406631231307983,0.11719769984483719,0.024666547775268555,0.0006316285580396652,0.00012370999975246376,False,infeasible,0.11331190000055358,0.11343561000030604,,,2156.857177734375,,,,,
DC3,4,4,-32.53511428833008,1.0437817573547363,0.1173783540725708,0.02439415454864502,0.0006695338524878025,0.00012370999975246376,False,infeasible,0.11779590000151074,0.1179196100012632,,,2173.237060546875,,,,,
DC3,4,5,-31.588167190551758,1.0243247747421265,0.10935289412736893,0.013911008834838867,0.0002569793723523617,0.00012370999975246376,False,infeasible,0.14523459999691113,0.1453583099966636,,,2116.685546875,,,,,
DC3,4,6,-34.43406677246094,1.0342464447021484,0.11732258647680283,0.021824181079864502,0.000520460307598114,0.00012370999975246376,False,infeasible,0.12029080000138492,0.12041451000113738,,,2211.462646484375,,,,,
DC3,4,7,-32.4778938293457,1.0335547924041748,0.11231870204210281,0.018661141395568848,0.0004243515431880951,0.00012370999975246376,False,infeasible,0.11917700000049081,0.11930071000024327,,,2154.029296875,,,,,
DC3,4,8,-32.68233871459961,1.0338436365127563,0.11425678431987762,0.01854795217514038,0.00043875351548194885,0.00012370999975246376,False,infeasible,0.13098330000138958,0.13110701000114205,,,2162.856689453125,,,,,
DC3,4,9,-30.098651885986328,1.0366679430007935,0.1158386841416359,0.019803106784820557,0.0004685386084020138,0.00012370999975246376,False,infeasible,0.12955779999902006,0.12968150999877254,,,2082.473388671875,,,,,
DC3,5,0,-35.46095657348633,1.0525431632995605,0.12395686656236649,0.06047987937927246,0.0018968484364449978,0.0001321800002187956,False,infeasible,0.11462870000104886,0.11476088000126765,,,2157.823486328125,,,,,
DC3,5,1,-37.90884780883789,1.0263499021530151,0.11804527044296265,0.05932450294494629,0.002174083609133959,0.0001321800002187956,False,infeasible,0.12839890000032028,0.1285310800005391,,,2202.7431640625,,,,,
DC3,5,2,-39.099605560302734,1.0210188627243042,0.11752984672784805,0.056696414947509766,0.002091163769364357,0.0001321800002187956,False,infeasible,0.13474320000023,0.1348753800004488,,,2237.24365234375,,,,,
DC3,5,3,-36.3311767578125,1.0338175296783447,0.12185011059045792,0.055988967418670654,0.0019218381494283676,0.0001321800002187956,False,infeasible,0.127519099998608,0.1276512799988268,,,2156.857177734375,,,,,
DC3,5,4,-36.36480712890625,1.0426063537597656,0.12397634983062744,0.059984683990478516,0.001992231234908104,0.0001321800002187956,False,infeasible,0.1269745999998122,0.127106780000031,,,2173.237060546875,,,,,
DC3,5,5,-35.47127914428711,1.0216457843780518,0.11590643227100372,0.06117957830429077,0.0022852071560919285,0.0001321800002187956,False,infeasible,0.12815219999902183,0.12828437999924064,,,2116.685546875,,,,,
DC3,5,6,-38.19862365722656,1.0278067588806152,0.1220107153058052,0.05644923448562622,0.002035843674093485,0.0001321800002187956,False,infeasible,0.11868399999730173,0.11881617999752052,,,2211.462646484375,,,,,
DC3,5,7,-36.35300827026367,1.028009057044983,0.11802814155817032,0.05925387144088745,0.0020881802774965763,0.0001321800002187956,False,infeasible,0.11309420000179671,0.1132263800020155,,,2154.029296875,,,,,
DC3,5,8,-36.5806999206543,1.0290786027908325,0.11951661109924316,0.0578685998916626,0.0020013186149299145,0.0001321800002187956,False,infeasible,0.1300651999990805,0.1301973799992993,,,2162.856689453125,,,,,
DC3,5,9,-34.09779357910156,1.0313498973846436,0.12088847160339355,0.05924034118652344,0.002080698497593403,0.0001321800002187956,False,infeasible,0.1659576999991259,0.16608987999934471,,,2082.473388671875,,,,,
FSNet,1,0,-9.039543151855469,1.4070243835449219,0.27516621351242065,0.8814417719841003,0.09620779007673264,0.00019750999999814666,False,infeasible,0.19652299999870593,0.19672050999870408,,,2157.823486328125,,,,,
FSNet,1,1,-10.823373794555664,1.4184342622756958,0.2680102288722992,0.8816546201705933,0.09622247517108917,0.00019750999999814666,False,infeasible,0.2043679999987944,0.20456550999879256,,,2202.7431640625,,,,,
FSNet,1,2,-12.167584419250488,1.4218116998672485,0.26570042967796326,0.8816977739334106,0.09622633457183838,0.00019750999999814666,False,infeasible,0.14337200000227313,0.14356951000227128,,,2237.24365234375,,,,,
FSNet,1,3,-8.951837539672852,1.4149432182312012,0.26988399028778076,0.881574273109436,0.09621815383434296,0.00019750999999814666,False,infeasible,0.15140790000077686,0.15160541000077501,,,2156.857177734375,,,,,
FSNet,1,4,-9.669716835021973,1.4106074571609497,0.27506324648857117,0.8815038204193115,0.09621304273605347,0.00019750999999814666,False,infeasible,0.18701330000112648,0.18721081000112463,,,2173.237060546875,,,,,
FSNet,1,5,-7.1240715980529785,1.4249415397644043,0.2611005902290344,0.88178551197052,0.09622989594936371,0.00019750999999814666,False,infeasible,0.19881059999897843,0.19900810999897658,,,2116.685546875,,,,,
FSNet,1,6,-11.20290470123291,1.4155073165893555,0.27272072434425354,0.8815723061561584,0.0962178036570549,0.00019750999999814666,False,infeasible,0.1839646000007633,0.18416211000076146,,,2211.462646484375,,,,,
FSNet,1,7,-8.781462669372559,1.4189304113388062,0.26505425572395325,0.8816871047019958,0.0962226539850235,0.00019750999999814666,False,infeasible,0.1957777999996324,0.19597530999963056,,,2154.029296875,,,,,
FSNet,1,8,-9.176909446716309,1.4174748659133911,0.26777368783950806,0.8816663026809692,0.09622006118297577,0.00019750999999814666,False,infeasible,0.1789199999984703,0.17911750999846845,,,2162.856689453125,,,,,
FSNet,1,9,-5.670196056365967,1.4173232316970825,0.26915544271469116,0.8816355466842651,0.09621910750865936,0.00019750999999814666,False,infeasible,0.21191530000214698,0.21211281000214513,,,2082.473388671875,,,,,
FSNet,2,0,3.0122945308685303,9.331879615783691,1.8926876783370972,16.50937843322754,0.45975062251091003,0.00016670999975758604,False,infeasible,0.25592170000163605,0.25608841000139365,,,2157.823486328125,,,,,
FSNet,2,1,-4.812225818634033,9.295380592346191,1.8471344709396362,14.248597145080566,0.4336678385734558,0.00016670999975758604,False,infeasible,0.21379910000177915,0.21396581000153675,,,2202.7431640625,,,,,
FSNet,2,2,-6.057050704956055,9.324885368347168,1.842747688293457,14.092251777648926,0.43754711747169495,0.00016670999975758604,False,infeasible,0.20930779999980587,0.20947450999956346,,,2237.24365234375,,,,,
FSNet,2,3,1.7963465452194214,9.440373420715332,1.8653143644332886,15.161382675170898,0.45661112666130066,0.00016670999975758604,False,infeasible,0.23000979999778792,0.23017650999754552,,,2156.857177734375,,,,,
FSNet,2,4,0.12124814838171005,9.45850658416748,1.8743517398834229,15.745956420898438,0.4596312344074249,0.00016670999975758604,False,infeasible,0.22977979999996023,0.22994650999971783,,,2173.237060546875,,,,,
FSNet,2,5,-4.414648056030273,9.011990547180176,1.822981595993042,12.369197845458984,0.4144044518470764,0.00016670999975758604,False,infeasible,0.236222399998951,0.2363891099987086,,,2116.685546875,,,,,
FSNet,2,6,-0.9103403091430664,9.595685005187988,1.8723363876342773,16.140342712402344,0.46735724806785583,0.00016670999975758604,False,infeasible,0.23161679999975604,0.23178350999951364,,,2211.462646484375,,,,,
FSNet,2,7,-2.926020622253418,9.217400550842285,1.8302689790725708,13.684773445129395,0.42847582697868347,0.00016670999975758604,False,infeasible,0.22722609999982524,0.22739280999958283,,,2154.029296875,,,,,
FSNet,2,8,-1.6054974794387817,9.05435848236084,1.8517967462539673,14.578927993774414,0.4316175580024719,0.00016670999975758604,False,infeasible,0.2079927000013413,0.2081594100010989,,,2162.856689453125,,,,,
FSNet,2,9,3.24167799949646,9.294316291809082,1.865684151649475,14.99968147277832,0.4478679895401001,0.00016670999975758604,False,infeasible,0.2469965999989654,0.247163309998723,,,2082.473388671875,,,,,
FSNet,3,0,2.9875617027282715,9.4293212890625,1.9043684005737305,16.688003540039062,0.4664095342159271,0.00016762999985076021,False,infeasible,0.23339080000005197,0.23355842999990273,,,2157.823486328125,,,,,
FSNet,3,1,-4.727215766906738,9.37938117980957,1.8595705032348633,14.336891174316406,0.44200509786605835,0.00016762999985076021,False,infeasible,0.20786999999836553,0.2080376299982163,,,2202.7431640625,,,,,
FSNet,3,2,-6.004856109619141,9.400856971740723,1.8513925075531006,14.031246185302734,0.44323480129241943,0.00016762999985076021,False,infeasible,0.21160370000143303,0.2117713300012838,,,2237.24365234375,,,,,
FSNet,3,3,1.87476646900177,9.521685600280762,1.8721046447753906,15.318649291992188,0.46285897493362427,0.00016762999985076021,False,infeasible,0.22511709999889717,0.22528472999874793,,,2156.857177734375,,,,,
FSNet,3,4,0.16410571336746216,9.549126625061035,1.885528326034546,15.794021606445312,0.46651849150657654,0.00016762999985076021,False,infeasible,0.19836299999951734,0.1985306299993681,,,2173.237060546875,,,,,
FSNet,3,5,-4.288551330566406,9.076977729797363,1.8334726095199585,12.423620223999023,0.41705647110939026,0.00016762999985076021,False,infeasible,0.1957728000015777,0.19594043000142847,,,2116.685546875,,,,,
FSNet,3,6,-0.7525045871734619,9.710247993469238,1.8837209939956665,16.411314010620117,0.4768464267253876,0.00016762999985076021,False,infeasible,0.23341349999827798,0.23358112999812874,,,2211.462646484375,,,,,
FSNet,3,7,-2.8743937015533447,9.297438621520996,1.838847279548645,13.745928764343262,0.43208736181259155,0.00016762999985076021,False,infeasible,0.2030661000026157,0.20323373000246647,,,2154.029296875,,,,,
FSNet,3,8,-1.678292989730835,9.111082077026367,1.8603973388671875,14.448616981506348,0.4358464181423187,0.00016762999985076021,False,infeasible,0.2194683999987319,0.21963602999858267,,,2162.856689453125,,,,,
FSNet,3,9,3.3331453800201416,9.382904052734375,1.8760212659835815,15.015851974487305,0.45189565420150757,0.00016762999985076021,False,infeasible,0.22391269999934593,0.2240803299991967,,,2082.473388671875,,,,,
FSNet,4,0,3.0193207263946533,9.164386749267578,1.8844109773635864,13.727435111999512,0.5409560799598694,0.0001114800001232652,False,infeasible,0.2855109000010998,0.2856223800012231,,,2157.823486328125,,,,,
FSNet,4,1,-4.800721168518066,9.130611419677734,1.8317383527755737,14.20276165008545,0.5125967860221863,0.0001114800001232652,False,infeasible,0.22707790000276873,0.227189380002892,,,2202.7431640625,,,,,
FSNet,4,2,-6.051168918609619,9.147597312927246,1.8191261291503906,14.089929580688477,0.5121005773544312,0.0001114800001232652,False,infeasible,0.19149970000216854,0.1916111800022918,,,2237.24365234375,,,,,
FSNet,4,3,1.7464511394500732,9.26049518585205,1.845320463180542,13.986686706542969,0.5341653823852539,0.0001114800001232652,False,infeasible,0.23278679999930318,0.23289827999942644,,,2156.857177734375,,,,,
FSNet,4,4,0.09226453304290771,9.28763198852539,1.8599773645401,13.792502403259277,0.5381338000297546,0.0001114800001232652,False,infeasible,0.247211599998991,0.24732307999911426,,,2173.237060546875,,,,,
FSNet,4,5,-4.2077436447143555,8.855356216430664,1.7977997064590454,14.348719596862793,0.49265769124031067,0.0001114800001232652,False,infeasible,0.19326709999950253,0.1933785799996258,,,2116.685546875,,,,,
FSNet,4,6,-0.7538624405860901,9.458928108215332,1.8623708486557007,13.637786865234375,0.5475821495056152,0.0001114800001232652,False,infeasible,0.21869910000168602,0.21881058000180928,,,2211.462646484375,,,,,
FSNet,4,7,-2.958617687225342,9.047440528869629,1.8099247217178345,14.130294799804688,0.5034453272819519,0.0001114800001232652,False,infeasible,0.2338084999973944,0.23391997999751765,,,2154.029296875,,,,,
FSNet,4,8,-1.6381419897079468,8.84679889678955,1.83279550075531,14.149171829223633,0.5075924396514893,0.0001114800001232652,False,infeasible,0.201617200000328,0.20172868000045127,,,2162.856689453125,,,,,
FSNet,4,9,3.202415704727173,9.096844673156738,1.8451629877090454,13.728058815002441,0.5207055807113647,0.0001114800001232652,False,infeasible,0.23556859999735025,0.2356800799974735,,,2082.473388671875,,,,,
FSNet,5,0,2.9771525859832764,9.103384017944336,1.8804353475570679,14.698614120483398,0.5217424631118774,0.00019127999985357746,False,infeasible,0.2757253000017954,0.275916580001649,,,2157.823486328125,,,,,
FSNet,5,1,-4.820028781890869,9.199869155883789,1.8546698093414307,13.470810890197754,0.5041208863258362,0.00019127999985357746,False,infeasible,0.22528869999950984,0.22547997999936342,,,2202.7431640625,,,,,
FSNet,5,2,-6.1118974685668945,9.200705528259277,1.8369882106781006,13.330501556396484,0.5035398602485657,0.00019127999985357746,False,infeasible,0.2169702999999572,0.21716157999981078,,,2237.24365234375,,,,,
FSNet,5,3,1.9076489210128784,9.30463981628418,1.8628997802734375,13.781338691711426,0.5246832370758057,0.00019127999985357746,False,infeasible,0.2201342999978806,0.22032557999773417,,,2156.857177734375,,,,,
FSNet,5,4,0.1083965003490448,9.263684272766113,1.8660240173339844,14.113130569458008,0.5212469696998596,0.00019127999985357746,False,infeasible,0.21388529999967432,0.2140765799995279,,,2173.237060546875,,,,,
FSNet,5,5,-4.161849021911621,8.914680480957031,1.8215081691741943,13.430338859558105,0.47769078612327576,0.00019127999985357746,False,infeasible,0.20058290000088164,0.20077418000073521,,,2116.685546875,,,,,
FSNet,5,6,-0.6420957446098328,9.484396934509277,1.8693935871124268,14.61711597442627,0.5371574759483337,0.00019127999985357746,False,infeasible,0.27626739999686833,0.2764586799967219,,,2211.462646484375,,,,,
FSNet,5,7,-2.9013350009918213,9.096664428710938,1.831282377243042,13.26830768585205,0.49119389057159424,0.00019127999985357746,False,infeasible,0.207845199998701,0.20803647999855457,,,2154.029296875,,,,,
FSNet,5,8,-1.6404109001159668,8.926692962646484,1.8526605367660522,13.352068901062012,0.5002225637435913,0.00019127999985357746,False,infeasible,0.23485079999954905,0.23504207999940263,,,2162.856689453125,,,,,
FSNet,5,9,3.1755919456481934,9.096277236938477,1.858215093612671,13.39272689819336,0.5080328583717346,0.00019127999985357746,False,infeasible,0.21581199999855016,0.21600327999840374,,,2082.473388671875,,,,,
KKT,1,0,10.233168601989746,1.7270030975341797,0.19398532807826996,0.0,0.0,0.00028643000005104116,False,infeasible,0.12924930000008317,0.1295357300001342,,,2157.823486328125,,,,,
KKT,1,1,2.665344476699829,1.6971230506896973,0.18923448026180267,0.0,0.0,0.00028643000005104116,False,infeasible,0.11623369999870192,0.11652012999875297,,,2202.7431640625,,,,,
KKT,1,2,1.370083212852478,1.697021245956421,0.18925024569034576,0.0,0.0,0.00028643000005104116,False,infeasible,0.1031124999972235,0.10339892999727454,,,2237.24365234375,,,,,
KKT,1,3,8.851980209350586,1.7462022304534912,0.19437694549560547,0.0,0.0,0.00028643000005104116,False,infeasible,0.1101630999983172,0.11044952999836824,,,2156.857177734375,,,,,
KKT,1,4,7.337406158447266,1.7141104936599731,0.19253887236118317,0.0,0.0,0.00028643000005104116,False,infeasible,0.10636909999811905,0.1066555299981701,,,2173.237060546875,,,,,
KKT,1,5,3.9312942028045654,1.6245009899139404,0.18329262733459473,0.0,0.0,0.00028643000005104116,False,infeasible,0.11039439999876777,0.11068082999881881,,,2116.685546875,,,,,
KKT,1,6,5.913624286651611,1.7444758415222168,0.19512836635112762,0.0,0.0,0.00028643000005104116,False,infeasible,0.13011479999840958,0.13040122999846063,,,2211.462646484375,,,,,
KKT,1,7,4.910038471221924,1.7050378322601318,0.18943487107753754,0.0,0.0,0.00028643000005104116,False,infeasible,0.13004690000161645,0.1303333300016675,,,2154.029296875,,,,,
KKT,1,8,5.953464031219482,1.7259414196014404,0.1900961846113205,0.0,0.0,0.00028643000005104116,False,infeasible,0.10301659999822732,0.10330302999827837,,,2162.856689453125,,,,,
KKT,1,9,10.940911293029785,1.7274465560913086,0.19177857041358948,0.0,0.0,0.00028643000005104116,False,infeasible,0.10371110000050976,0.1039975300005608,,,2082.473388671875,,,,,
